{
  "timelineObjects": [{
    "placeVisit": {
      "location": {
        "latitudeE7": 429922838,
        "longitudeE7": -714601766,
        "placeId": "ChIJ0e3NAyRP4okRcxfYUqYIdA0",
        "address": "91-139 Concord St, Manchester, NH 03101, USA",
        "name": "Victory Park",
        "sourceInfo": {
          "deviceTag": -729441570
        },
        "locationConfidence": 46.471767,
        "calibratedProbability": 38.130627
      },
      "duration": {
        "startTimestamp": "2022-05-12T21:23:26Z",
        "endTimestamp": "2022-05-12T21:34:24.255Z"
      },
      "placeConfidence": "LOW_CONFIDENCE",
      "centerLatE7": 429926717,
      "centerLngE7": -714595750,
      "visitConfidence": 91,
      "otherCandidateLocations": [{
        "latitudeE7": 429922713,
        "longitudeE7": -714587852,
        "placeId": "ChIJB5vO_SNP4okRJI-tIDv0BL4",
        "address": "405 Pine St, Manchester, NH 03104, USA",
        "name": "Manchester City Library",
        "locationConfidence": 23.028833,
        "calibratedProbability": 18.895428
      }, {
        "latitudeE7": 429942696,
        "longitudeE7": -714594101,
        "placeId": "ChIJE6a2gSNP4okReJtLYq1DshI",
        "address": "455 Pine St, Manchester, NH 03104, USA",
        "semanticType": "TYPE_SEARCHED_ADDRESS",
        "locationConfidence": 15.769742,
        "calibratedProbability": 12.939258
      }, {
        "latitudeE7": 429900073,
        "longitudeE7": -714586500,
        "placeId": "ChIJoxBXOyFP4okRwzWcBa2nw74",
        "address": "199 Manchester St, Manchester, NH 03103, USA",
        "name": "Families in Transition – Adult Emergency Shelter",
        "locationConfidence": 1.9839864,
        "calibratedProbability": 1.627884
      }, {
        "latitudeE7": 429931504,
        "longitudeE7": -714600520,
        "placeId": "ChIJd7qJDCRP4okR3nnOw-xzhB8",
        "address": "48-140 Concord St, Manchester, NH 03101, USA",
        "name": "Hartnett Lot",
        "locationConfidence": 1.2158797,
        "calibratedProbability": 0.9976435
      }, {
        "latitudeE7": 429933993,
        "longitudeE7": -714587835,
        "placeId": "ChIJoSu7oiNP4okRTMyBWrlxmtU",
        "address": "145 Lowell St, Manchester, NH 03104, USA",
        "name": "Saint Joseph\u0027s Cathedral",
        "locationConfidence": 0.78796184,
        "calibratedProbability": 0.6465319
      }, {
        "latitudeE7": 429917015,
        "longitudeE7": -714628396,
        "placeId": "ChIJ_abYYyZP4okRm6KyG-2Ow8I",
        "address": "947 Elm St, Manchester, NH 03101, USA",
        "name": "Bunny’s Convenience Store",
        "locationConfidence": 0.6503637,
        "calibratedProbability": 0.533631
      }],
      "editConfirmationStatus": "NOT_CONFIRMED",
      "locationConfidence": 38,
      "placeVisitType": "SINGLE_PLACE",
      "placeVisitImportance": "MAIN"
    }
  }]
}