{
  "timelineObjects": [{
    "activitySegment": {
      "startLocation": {
        "latitudeE7": 429563392,
        "longitudeE7": -714437616,
        "sourceInfo": {
          "deviceTag": 1468331765
        }
      },
      "endLocation": {
        "latitudeE7": 429947118,
        "longitudeE7": -714608680,
        "sourceInfo": {
          "deviceTag": 1468331765
        }
      },
      "duration": {
        "startTimestamp": "2022-09-01T00:31:58Z",
        "endTimestamp": "2022-09-01T00:42:23Z"
      },
      "distance": 5754,
      "activityType": "IN_PASSENGER_VEHICLE",
      "confidence": "HIGH",
      "activities": [{
        "activityType": "IN_PASSENGER_VEHICLE",
        "probability": 80.66640496253967
      }, {
        "activityType": "IN_BUS",
        "probability": 15.893234312534332
      }, {
        "activityType": "WALKING",
        "probability": 1.4525160193443298
      }, {
        "activityType": "MOTORCYCLING",
        "probability": 0.571904145181179
      }, {
        "activityType": "STILL",
        "probability": 0.47746668569743633
      }, {
        "activityType": "IN_TRAIN",
        "probability": 0.31427082139998674
      }, {
        "activityType": "IN_SUBWAY",
        "probability": 0.21867849864065647
      }, {
        "activityType": "CYCLING",
        "probability": 0.1884886296465993
      }, {
        "activityType": "FLYING",
        "probability": 0.09157211752608418
      }, {
        "activityType": "IN_FERRY",
        "probability": 0.04611274925991893
      }, {
        "activityType": "IN_TRAM",
        "probability": 0.04326089401729405
      }, {
        "activityType": "RUNNING",
        "probability": 0.030893267830833793
      }, {
        "activityType": "SKIING",
        "probability": 0.0038511243474204093
      }, {
        "activityType": "SAILING",
        "probability": 0.0013488584045262542
      }, {
        "activityType": "IN_VEHICLE",
        "probability": 5.694633653519077E-7
      }],
      "waypointPath": {
        "waypoints": [{
          "latE7": 429563407,
          "lngE7": -714437484
        }, {
          "latE7": 429885368,
          "lngE7": -714593276
        }, {
          "latE7": 429947128,
          "lngE7": -714608612
        }],
        "source": "INFERRED",
        "roadSegment": [{
          "placeId": "ChIJYXDJnZpO4okRQNAA7IBvOfE",
          "duration": "2s"
        }, {
          "placeId": "ChIJ4z1AdpBO4okRQOrw-OK5v6Y",
          "duration": "4s"
        }, {
          "placeId": "ChIJ8TSyeJBO4okReB8A6Ax9INI",
          "duration": "21s"
        }, {
          "placeId": "ChIJ8TSyeJBO4okRPjuRzx_Zt6g",
          "duration": "6s"
        }, {
          "placeId": "ChIJSy0ndJpO4okRRAKxsoDlvp0",
          "duration": "8s"
        }, {
          "placeId": "ChIJSx6SDJpO4okR3Iyu-7sDwOY",
          "duration": "1s"
        }, {
          "placeId": "ChIJSx6SDJpO4okRLb64TuiqG5I",
          "duration": "3s"
        }, {
          "placeId": "ChIJ8zG9D5pO4okRZGwL2RmpMdw",
          "duration": "0s"
        }, {
          "placeId": "ChIJE_Y6BZpO4okR0b2sjEhzlOo",
          "duration": "2s"
        }, {
          "placeId": "ChIJK9IfHZpO4okRF-wsqSSISTA",
          "duration": "2s"
        }, {
          "placeId": "ChIJwQbz9plO4okR09IWGKHTrCc",
          "duration": "1s"
        }, {
          "placeId": "ChIJzVGs7ZlO4okRWwNQNbS9xhI",
          "duration": "5s"
        }, {
          "placeId": "ChIJbbIsZ5hO4okRubyHJRRWX0M",
          "duration": "46s"
        }, {
          "placeId": "ChIJUwecXKJO4okRzpt_RpcqQ34",
          "duration": "1s"
        }, {
          "placeId": "ChIJK0mz9aJO4okRth9DY6GXrJo",
          "duration": "0s"
        }, {
          "placeId": "ChIJK0mz9aJO4okRniGWhOTwLxY",
          "duration": "7s"
        }, {
          "placeId": "ChIJ_6X866JO4okRCIDe2f0CNFs",
          "duration": "3s"
        }, {
          "placeId": "ChIJNaWZxqJO4okRTUqr2y0o0Iw",
          "duration": "4s"
        }, {
          "placeId": "ChIJiYRjy6JO4okROu1onq_OHMI",
          "duration": "4s"
        }, {
          "placeId": "ChIJ66VTN71O4okRsaCf4ndenYc",
          "duration": "3s"
        }, {
          "placeId": "ChIJeVkjFL1O4okR1iPE3tWuxRU",
          "duration": "1s"
        }, {
          "placeId": "ChIJGW8tDL1O4okRT2P2Fc1VHFY",
          "duration": "4s"
        }, {
          "placeId": "ChIJc27jo71O4okR3QuTbiUgrto",
          "duration": "4s"
        }, {
          "placeId": "ChIJdfciv71O4okR49pW7EB0UYk",
          "duration": "4s"
        }, {
          "placeId": "ChIJJc3I3L1O4okR3NW4Fo5-T8E",
          "duration": "4s"
        }, {
          "placeId": "ChIJdVq8db5O4okRxfIJlZrIwJg",
          "duration": "3s"
        }, {
          "placeId": "ChIJQ6dOcr5O4okR3CRO0obm4xA",
          "duration": "0s"
        }, {
          "placeId": "ChIJ5-Czbb5O4okRh1_sBWa_8ds",
          "duration": "1s"
        }, {
          "placeId": "ChIJuf9Far5O4okRnv2BPP671Lc",
          "duration": "2s"
        }, {
          "placeId": "ChIJZ2wKQb5O4okRDclD8EACe58",
          "duration": "0s"
        }, {
          "placeId": "ChIJz3tERr5O4okRFUq0NX3mE3A",
          "duration": "4s"
        }, {
          "placeId": "ChIJcZEIS75O4okRhQ1bv3PpBNU",
          "duration": "4s"
        }, {
          "placeId": "ChIJgRdQtL9O4okRZa39Yo7AaXs",
          "duration": "0s"
        }, {
          "placeId": "ChIJJ5Taub9O4okRZ98KUmSUMcg",
          "duration": "6s"
        }, {
          "placeId": "ChIJyQ-Ok79O4okRqfN2OZaxPb8",
          "duration": "7s"
        }, {
          "placeId": "ChIJGQBujL9O4okRDEGX1PTcNsc",
          "duration": "0s"
        }, {
          "placeId": "ChIJ6WGxi79O4okRbF6fSSv1QAA",
          "duration": "1s"
        }, {
          "placeId": "ChIJw3RPdMBO4okRyKkcMFuJIEw",
          "duration": "2s"
        }, {
          "placeId": "ChIJfdmObcBO4okR2eB7CIn82Ag",
          "duration": "2s"
        }, {
          "placeId": "ChIJDSj3RsBO4okRnOp5VJE0RTQ",
          "duration": "3s"
        }, {
          "placeId": "ChIJkWnnucFO4okR91ubqD1v4WA",
          "duration": "25s"
        }, {
          "placeId": "ChIJg1qclsFO4okRGFUOzgepT2M",
          "duration": "6s"
        }, {
          "placeId": "ChIJh6LOkMFO4okREuuSQ3xdLug",
          "duration": "6s"
        }, {
          "placeId": "ChIJ09fpmsFO4okRJHdovo2-_YQ",
          "duration": "6s"
        }, {
          "placeId": "ChIJdQCkhMFO4okRRNZ-jxNFVJA",
          "duration": "2s"
        }, {
          "placeId": "ChIJYex1fcFO4okRygBb5ZNZU9M",
          "duration": "13s"
        }, {
          "placeId": "ChIJNXb2fcFO4okRXHie43dMY-E",
          "duration": "3s"
        }, {
          "placeId": "ChIJ2QTx0MNO4okR_lVebHe7iwM",
          "duration": "6s"
        }, {
          "placeId": "ChIJ2QTx0MNO4okRoUo7qy7aC4k",
          "duration": "4s"
        }, {
          "placeId": "ChIJI0CTw8NO4okRx1R1KvF0uGk",
          "duration": "4s"
        }, {
          "placeId": "ChIJvfnJwcNO4okREEy4NXrOVzc",
          "duration": "0s"
        }, {
          "placeId": "ChIJR0AilcNO4okR8BBdKPgdjjQ",
          "duration": "3s"
        }, {
          "placeId": "ChIJKfgElMNO4okRHFfrxE2QrIE",
          "duration": "0s"
        }, {
          "placeId": "ChIJAeRwkMNO4okRdHJZUmKdFZg",
          "duration": "1s"
        }, {
          "placeId": "ChIJAeRwkMNO4okR6BOcezWgId0",
          "duration": "3s"
        }, {
          "placeId": "ChIJPRx9hMNO4okR0P1R02mYg6I",
          "duration": "0s"
        }, {
          "placeId": "ChIJH88zgsNO4okRXM5nScvYx78",
          "duration": "2s"
        }, {
          "placeId": "ChIJ9UnFfsNO4okR08xIbyKmj3Q",
          "duration": "1s"
        }, {
          "placeId": "ChIJh0qSfMNO4okRp7QYygN6lAE",
          "duration": "1s"
        }, {
          "placeId": "ChIJs5MWXsNO4okRuW7tI-JnamA",
          "duration": "9s"
        }, {
          "placeId": "ChIJ0aeLptxO4okRP9EQs7l1M5o",
          "duration": "22s"
        }, {
          "placeId": "ChIJ4cxsftxO4okR3I6-5DUM4hE",
          "duration": "4s"
        }, {
          "placeId": "ChIJ4cxsftxO4okRFRLTVbVzSbs",
          "duration": "3s"
        }, {
          "placeId": "ChIJ7WDEdtxO4okRZTOc5SMQkuM",
          "duration": "3s"
        }, {
          "placeId": "ChIJ7WDEdtxO4okR4Y2Bd-zW0dM",
          "duration": "5s"
        }, {
          "placeId": "ChIJ_5NYCdxO4okRalHREg4p0a0",
          "duration": "9s"
        }, {
          "placeId": "ChIJsyOcAdxO4okRJNjrJ9Icts0",
          "duration": "8s"
        }, {
          "placeId": "ChIJmQHCrd5O4okRH801aIpi4GE",
          "duration": "4s"
        }, {
          "placeId": "ChIJ-fgJtN5O4okRUobJsjO7SiU",
          "duration": "0s"
        }, {
          "placeId": "ChIJRaswyt5O4okRsyFvXjfqKyU",
          "duration": "6s"
        }, {
          "placeId": "ChIJ540J0t5O4okRYwrV1XtTHWc",
          "duration": "3s"
        }, {
          "placeId": "ChIJG_wz1N5O4okRp34v2HdtaX4",
          "duration": "7s"
        }, {
          "placeId": "ChIJgRj0K99O4okRfxqYqThttjQ",
          "duration": "6s"
        }, {
          "placeId": "ChIJB-YVMt9O4okRjDVZ4139SnQ",
          "duration": "5s"
        }, {
          "placeId": "ChIJPzcOSt9O4okRZhusE9ew8NA",
          "duration": "14s"
        }, {
          "placeId": "ChIJl0kyTN9O4okRc9AviOcRq1A",
          "duration": "2s"
        }, {
          "placeId": "ChIJZUHHU99O4okRX9r9ve_TdgU",
          "duration": "14s"
        }, {
          "placeId": "ChIJ6Vq1qyBP4okRw2EtTNGyP80",
          "duration": "8s"
        }, {
          "placeId": "ChIJGfLtrSBP4okRRcHKk5nHqxo",
          "duration": "6s"
        }, {
          "placeId": "ChIJ-0IMtCBP4okRVrj_nVHARD8",
          "duration": "5s"
        }, {
          "placeId": "ChIJUbAVyiBP4okRxJlS3cVfWhs",
          "duration": "4s"
        }, {
          "placeId": "ChIJwXkMzCBP4okRi939NuIpY7E",
          "duration": "1s"
        }, {
          "placeId": "ChIJiarLzSBP4okR-IVhD1uHbCQ",
          "duration": "1s"
        }, {
          "placeId": "ChIJOWjyzSBP4okRLiEIXKTmdco",
          "duration": "0s"
        }, {
          "placeId": "ChIJ9aHL0yBP4okRAAnkdH5VLdw",
          "duration": "5s"
        }, {
          "placeId": "ChIJO8Tr1SBP4okRAH33wWwARPc",
          "duration": "7s"
        }, {
          "placeId": "ChIJKcITLCFP4okRqxaJWBVGpl0",
          "duration": "6s"
        }, {
          "placeId": "ChIJMyY0MiFP4okR323InXrxJ1A",
          "duration": "6s"
        }, {
          "placeId": "ChIJU2fANSFP4okRezEaB_CeDKU",
          "duration": "8s"
        }, {
          "placeId": "ChIJlb_tTSFP4okRbN14UkDLLm4",
          "duration": "4s"
        }, {
          "placeId": "ChIJlb_tTSFP4okROTU8rq7k74A",
          "duration": "7s"
        }, {
          "placeId": "ChIJmwwj_iNP4okRSUVRvUUEQSM",
          "duration": "5s"
        }, {
          "placeId": "ChIJLVmh-SNP4okRD21sH0AOVdg",
          "duration": "4s"
        }, {
          "placeId": "ChIJX3YZ9yNP4okR9wo66r17oQM",
          "duration": "0s"
        }, {
          "placeId": "ChIJuaA89CNP4okRUfs-d3RbWxg",
          "duration": "3s"
        }, {
          "placeId": "ChIJpculiyNP4okRALS3tqHLXLk",
          "duration": "4s"
        }, {
          "placeId": "ChIJ7_4xhiNP4okRjRaMH-et8po",
          "duration": "4s"
        }, {
          "placeId": "ChIJ6zj_gCNP4okRuyoAUQaqg_Y",
          "duration": "4s"
        }, {
          "placeId": "ChIJDWCbfyNP4okR05nOrcymcOs",
          "duration": "0s"
        }, {
          "placeId": "ChIJcT--fSNP4okRN0wdBRgrcbc",
          "duration": "12s"
        }, {
          "placeId": "ChIJ12aIYiNP4okRWqD3oMN7eoo",
          "duration": "0s"
        }, {
          "placeId": "ChIJgUA6myRP4okRlP_4Qm2D0mc",
          "duration": "13s"
        }, {
          "placeId": "ChIJo1Y0jCRP4okRmqtKDgMv6BA",
          "duration": "6s"
        }, {
          "placeId": "ChIJfZNtiiRP4okRqXtg5eFTBAA",
          "duration": "19s"
        }],
        "distanceMeters": 5668.291728521416,
        "travelMode": "DRIVE",
        "confidence": 0.9999789074964397
      },
      "parkingEvent": {
        "location": {
          "latitudeE7": 429946398,
          "longitudeE7": -714609411,
          "accuracyMetres": 95
        },
        "method": "END_OF_ACTIVITY_SEGMENT",
        "locationSource": "FROM_RAW_LOCATION",
        "timestamp": "2022-09-01T00:41:59.532Z"
      }
    }
  }, {
    "placeVisit": {
      "location": {
        "latitudeE7": 429945644,
        "longitudeE7": -714609385,
        "placeId": "ChIJ2SV-9SRP4okRXNRLJHposLA",
        "address": "502 Chestnut St, Manchester, NH 03101-1614, USA",
        "semanticType": "TYPE_HOME",
        "sourceInfo": {
          "deviceTag": 1468331765
        },
        "locationConfidence": 88.72678,
        "calibratedProbability": 72.05931
      },
      "duration": {
        "startTimestamp": "2022-09-01T00:42:23Z",
        "endTimestamp": "2022-09-01T01:41:02.916Z"
      },
      "placeConfidence": "MEDIUM_CONFIDENCE",
      "centerLatE7": 429946465,
      "centerLngE7": -714613261,
      "visitConfidence": 85,
      "otherCandidateLocations": [{
        "latitudeE7": 429942696,
        "longitudeE7": -714594101,
        "placeId": "ChIJE6a2gSNP4okReJtLYq1DshI",
        "address": "455 Pine St, Manchester, NH 03104, USA",
        "semanticType": "TYPE_SEARCHED_ADDRESS",
        "locationConfidence": 4.087347,
        "calibratedProbability": 3.3195324
      }, {
        "latitudeE7": 429945280,
        "longitudeE7": -714609462,
        "placeId": "ChIJ1UNJYCRP4okRKbVNdYYKryI",
        "address": "500 Chestnut St, Manchester, NH 03101, USA",
        "semanticType": "TYPE_SEARCHED_ADDRESS",
        "locationConfidence": 0.5910914,
        "calibratedProbability": 0.48005393
      }, {
        "latitudeE7": 429940430,
        "longitudeE7": -714609740,
        "placeId": "ChIJaTJAZiRP4okRqtUFidQg7yc",
        "address": "486 Chestnut St, Manchester, NH 03101, USA",
        "name": "Alley Cat Pizzeria",
        "locationConfidence": 0.56836575,
        "calibratedProbability": 0.46159732
      }, {
        "latitudeE7": 429945279,
        "longitudeE7": -714609462,
        "placeId": "ChIJxTib_jZP4okRWJnOg-X2jG8",
        "address": "500 Chestnut St, Manchester, NH 03101, USA",
        "name": "The Cadillac Motel",
        "locationConfidence": 0.5560603,
        "calibratedProbability": 0.4516035
      }],
      "editConfirmationStatus": "NOT_CONFIRMED",
      "locationConfidence": 74,
      "placeVisitType": "SINGLE_PLACE",
      "placeVisitImportance": "MAIN"
    }
  }, {
    "placeVisit": {
      "location": {
        "latitudeE7": 429848476,
        "longitudeE7": -714720942,
        "placeId": "ChIJKdUK8tNO4okRb5CljqVl3lU",
        "address": "271 Granite St, Manchester, NH 03102, USA",
        "name": "Dunkin\u0027",
        "sourceInfo": {
          "deviceTag": -1000060559
        },
        "locationConfidence": 92.38851,
        "calibratedProbability": 80.532555
      },
      "duration": {
        "startTimestamp": "2022-09-18T12:38:42.091Z",
        "endTimestamp": "2022-09-18T15:14:33.240Z"
      },
      "placeConfidence": "MEDIUM_CONFIDENCE",
      "centerLatE7": 429848586,
      "centerLngE7": -714720914,
      "visitConfidence": 89,
      "otherCandidateLocations": [{
        "latitudeE7": 429838828,
        "longitudeE7": -714743097,
        "placeId": "ChIJNQxwotNO4okRqhRhy6rAsVI",
        "address": "4 Main St, Manchester, NH 03102, USA",
        "name": "Smokers Haven Manchester West - Smoke \u0026 Vape Shop",
        "locationConfidence": 1.2923139,
        "calibratedProbability": 1.126475
      }, {
        "latitudeE7": 429847307,
        "longitudeE7": -714721787,
        "placeId": "ChIJdfsI-NNO4okR4zgPIb_zXro",
        "address": "213-247 Granite St, Manchester, NH 03102, USA",
        "name": "213-247 Granite St Parking",
        "locationConfidence": 0.48790485,
        "calibratedProbability": 0.4252934
      }, {
        "latitudeE7": 429839277,
        "longitudeE7": -714723300,
        "placeId": "ChIJnxrAIV9F4okRE_9LMFisqoE",
        "address": "290 Granite St, Manchester, NH 03102, USA",
        "name": "Elks Lodge",
        "locationConfidence": 0.31902844,
        "calibratedProbability": 0.27808842
      }, {
        "latitudeE7": 429845588,
        "longitudeE7": -714727161,
        "placeId": "ChIJM-Z29NNO4okRTFXbqWIDUhQ",
        "address": "287 Granite St, Manchester, NH 03102, USA",
        "locationConfidence": 0.19408646,
        "calibratedProbability": 0.16917989
      }],
      "editConfirmationStatus": "NOT_CONFIRMED",
      "locationConfidence": 78,
      "placeVisitType": "SINGLE_PLACE",
      "placeVisitImportance": "MAIN"
    }
  }, {
    "activitySegment": {
      "startLocation": {
        "latitudeE7": 429849349,
        "longitudeE7": -714709081,
        "sourceInfo": {
          "deviceTag": -1000060559
        }
      },
      "endLocation": {
        "latitudeE7": 429871310,
        "longitudeE7": -714678827,
        "sourceInfo": {
          "deviceTag": -1000060559
        }
      },
      "duration": {
        "startTimestamp": "2022-09-18T15:14:33.240Z",
        "endTimestamp": "2022-09-18T15:41:21.532Z"
      },
      "distance": 2111,
      "activityType": "WALKING",
      "confidence": "HIGH",
      "activities": [{
        "activityType": "WALKING",
        "probability": 90.86634516716003
      }, {
        "activityType": "IN_PASSENGER_VEHICLE",
        "probability": 5.8415237814188
      }, {
        "activityType": "STILL",
        "probability": 1.1539052240550518
      }, {
        "activityType": "CYCLING",
        "probability": 0.9253775700926781
      }, {
        "activityType": "RUNNING",
        "probability": 0.43709129095077515
      }, {
        "activityType": "IN_BUS",
        "probability": 0.41312030516564846
      }, {
        "activityType": "MOTORCYCLING",
        "probability": 0.1803505001589656
      }, {
        "activityType": "IN_TRAM",
        "probability": 0.05044990684837103
      }, {
        "activityType": "IN_FERRY",
        "probability": 0.04270362842362374
      }, {
        "activityType": "IN_SUBWAY",
        "probability": 0.031517408206127584
      }, {
        "activityType": "IN_TRAIN",
        "probability": 0.03045719931833446
      }, {
        "activityType": "SKIING",
        "probability": 0.02203937037847936
      }, {
        "activityType": "SAILING",
        "probability": 0.003215885953977704
      }, {
        "activityType": "FLYING",
        "probability": 0.0019055427401326597
      }, {
        "activityType": "IN_VEHICLE",
        "probability": 2.2877085115169393E-6
      }],
      "waypointPath": {
        "waypoints": [{
          "latE7": 429849586,
          "lngE7": -714709243
        }, {
          "latE7": 429859390,
          "lngE7": -714683990
        }, {
          "latE7": 429862480,
          "lngE7": -714631195
        }, {
          "latE7": 429878196,
          "lngE7": -714606781
        }, {
          "latE7": 429893531,
          "lngE7": -714611968
        }, {
          "latE7": 429892501,
          "lngE7": -714629745
        }, {
          "latE7": 429862365,
          "lngE7": -714687576
        }],
        "source": "INFERRED",
        "roadSegment": [{
          "placeId": "ChIJidtzsNZO4okR_d1OtgRlCrA",
          "duration": "24s"
        }, {
          "placeId": "ChIJUzltutZO4okRt48QaGO1Jd4",
          "duration": "9s"
        }, {
          "placeId": "ChIJyzWOwdZO4okRfS4oc2-NwTM",
          "duration": "89s"
        }, {
          "placeId": "ChIJFWXQAtdO4okRHXgMn080ozs",
          "duration": "74s"
        }, {
          "placeId": "ChIJZby3CNdO4okRXPfxiKUriIo",
          "duration": "10s"
        }, {
          "placeId": "ChIJrWP5CddO4okRtiJ4hoOQdN4",
          "duration": "36s"
        }, {
          "placeId": "ChIJTcVBn9dO4okRRN3nlL0VcQo",
          "duration": "35s"
        }, {
          "placeId": "ChIJXSLbm9dO4okRA90Sdi8Zh4o",
          "duration": "10s"
        }, {
          "placeId": "ChIJF1XHmtdO4okRSSSRsFTsfos",
          "duration": "22s"
        }, {
          "placeId": "ChIJCQZrhddO4okRzaOcA_V5uBk",
          "duration": "9s"
        }, {
          "placeId": "ChIJw12Rg9dO4okRHbq9KKKDFY0",
          "duration": "39s"
        }, {
          "placeId": "ChIJ78AZf9dO4okRqTaGRRbiR-4",
          "duration": "25s"
        }, {
          "placeId": "ChIJP24UftdO4okRKZAE2_WhO_0",
          "duration": "8s"
        }, {
          "placeId": "ChIJE82T0tlO4okRksMmICPvZMw",
          "duration": "16s"
        }, {
          "placeId": "ChIJE82T0tlO4okRDC204wlUQGU",
          "duration": "69s"
        }, {
          "placeId": "ChIJLcXcSthO4okRDd_SiTpKxUI",
          "duration": "37s"
        }, {
          "placeId": "ChIJXe6BTdhO4okRugh-S6z9VdQ",
          "duration": "37s"
        }, {
          "placeId": "ChIJLYzjU9hO4okRveUGSV89QcI",
          "duration": "15s"
        }, {
          "placeId": "ChIJSydtWthO4okRZJ-21nFZSHw",
          "duration": "50s"
        }, {
          "placeId": "ChIJIfbWXdhO4okRA9ZfoGvwNQ4",
          "duration": "30s"
        }, {
          "placeId": "ChIJKcXGX9hO4okRjet5yiJqWwA",
          "duration": "8s"
        }, {
          "placeId": "ChIJqf6jithO4okRikLV7l7tVWc",
          "duration": "10s"
        }, {
          "placeId": "ChIJUbx_idhO4okRc892nlEpscE",
          "duration": "37s"
        }, {
          "placeId": "ChIJY83yhdhO4okRlaK0TMwButQ",
          "duration": "6s"
        }, {
          "placeId": "ChIJh1WchdhO4okRWVeRBEgRhdE",
          "duration": "3s"
        }, {
          "placeId": "ChIJ-y_omthO4okRCzBheWrLxU0",
          "duration": "33s"
        }, {
          "placeId": "ChIJBUAdmdhO4okR1rxc4yv3KdI",
          "duration": "20s"
        }, {
          "placeId": "ChIJS3U-othO4okRHLDBnxYWt9M",
          "duration": "14s"
        }, {
          "placeId": "ChIJa478o9hO4okRuk9dBsNiLYA",
          "duration": "14s"
        }, {
          "placeId": "ChIJaTU6p9hO4okRFNAquoXqPcI",
          "duration": "29s"
        }, {
          "placeId": "ChIJTTT9WydP4okRDWy0Q6RzeZo",
          "duration": "29s"
        }, {
          "placeId": "ChIJRQgmRydP4okRgqbigH5vf2s",
          "duration": "82s"
        }, {
          "placeId": "ChIJrUtEOydP4okR0MwQzWDq77Y",
          "duration": "17s"
        }, {
          "placeId": "ChIJVT6tIidP4okRfqdcf8O9jSI",
          "duration": "44s"
        }, {
          "placeId": "ChIJz1UwCSdP4okRXvegw3vDWtM",
          "duration": "86s"
        }, {
          "placeId": "ChIJQcbLoydP4okRHsTslRzkhL4",
          "duration": "14s"
        }, {
          "placeId": "ChIJB7OjmCdP4okRjM1qrwWPtjI",
          "duration": "12s"
        }, {
          "placeId": "ChIJUzZdmSdP4okRBJSNdCo9Yc8",
          "duration": "22s"
        }, {
          "placeId": "ChIJCYvHhCdP4okRbFAF7k_2RnE",
          "duration": "30s"
        }, {
          "placeId": "ChIJHQ3qhidP4okREg4voZ5IJuM",
          "duration": "17s"
        }, {
          "placeId": "ChIJBQ1qhydP4okRlAuP3Wgxwyc",
          "duration": "3s"
        }, {
          "placeId": "ChIJU47de9hO4okR4GI15itjlqQ",
          "duration": "52s"
        }, {
          "placeId": "ChIJgzuXbthO4okRMsUkvN31CWs",
          "duration": "59s"
        }, {
          "placeId": "ChIJnzW_F9hO4okR8MjdV2PHJAc",
          "duration": "47s"
        }, {
          "placeId": "ChIJfe-fIdhO4okRAlv5Pem89vE",
          "duration": "11s"
        }, {
          "placeId": "ChIJUTqfiddO4okRtNWJt9KZlew",
          "duration": "36s"
        }, {
          "placeId": "ChIJxV2Ej9dO4okR99IxVoGhxQg",
          "duration": "7s"
        }, {
          "placeId": "ChIJF1XHmtdO4okRSSSRsFTsfos",
          "duration": "19s"
        }, {
          "placeId": "ChIJXSLbm9dO4okRA90Sdi8Zh4o",
          "duration": "8s"
        }, {
          "placeId": "ChIJTcVBn9dO4okRRN3nlL0VcQo",
          "duration": "24s"
        }, {
          "placeId": "ChIJrWP5CddO4okRtiJ4hoOQdN4",
          "duration": "25s"
        }, {
          "placeId": "ChIJZby3CNdO4okRXPfxiKUriIo",
          "duration": "8s"
        }, {
          "placeId": "ChIJE-0xqNdO4okRBoVY4l_4ZQM",
          "duration": "46s"
        }, {
          "placeId": "ChIJa-D7q9dO4okR4VackYvTpKw",
          "duration": "11s"
        }, {
          "placeId": "ChIJhSKyq9dO4okRUdJhonHUbxk",
          "duration": "9s"
        }, {
          "placeId": "ChIJ0wQOqtdO4okRI-2qL-bwCVk",
          "duration": "13s"
        }, {
          "placeId": "ChIJb8bNAddO4okRv3bNbaj4d4I",
          "duration": "29s"
        }],
        "distanceMeters": 2341.0829777135787,
        "travelMode": "WALK",
        "confidence": 1.0
      },
      "simplifiedRawPath": {
        "points": [{
          "latE7": 429862442,
          "lngE7": -714633865,
          "accuracyMeters": 14,
          "timestamp": "2022-09-18T15:27:15.092Z"
        }, {
          "latE7": 429894638,
          "lngE7": -714611969,
          "accuracyMeters": 11,
          "timestamp": "2022-09-18T15:33:17.444Z"
        }]
      }
    }
  }, {
    "placeVisit": {
      "location": {
        "latitudeE7": 429864007,
        "longitudeE7": -714693595,
        "placeId": "ChIJ1-9rWtZO4okRFoj4ErBkqkA",
        "address": "50 Commercial St, Manchester, NH 03101, USA",
        "name": "Texas Instruments Incorporated",
        "sourceInfo": {
          "deviceTag": -1000060559
        },
        "locationConfidence": 84.33018,
        "calibratedProbability": 65.99301
      },
      "duration": {
        "startTimestamp": "2022-09-18T15:41:21.532Z",
        "endTimestamp": "2022-09-18T15:50:02.616Z"
      },
      "placeConfidence": "MEDIUM_CONFIDENCE",
      "childVisits": [{
        "location": {
          "latitudeE7": 429863218,
          "longitudeE7": -714692804,
          "placeId": "ChIJ_Q7VrddO4okRRAK8ZpEwYHw",
          "address": "50 Commercial St, Manchester, NH 03101, USA",
          "name": "The Foundry",
          "sourceInfo": {
            "deviceTag": -1000060559
          },
          "locationConfidence": 49.54755,
          "calibratedProbability": 51.27539
        },
        "duration": {
          "startTimestamp": "2022-09-18T15:41:21.532Z",
          "endTimestamp": "2022-09-18T15:50:02.616Z"
        },
        "placeConfidence": "MEDIUM_CONFIDENCE",
        "centerLatE7": 429865700,
        "centerLngE7": -714689100,
        "visitConfidence": 88,
        "otherCandidateLocations": [{
          "latitudeE7": 429871213,
          "longitudeE7": -714659053,
          "placeId": "ChIJ2Ytji9dO4okRgju_qokrTzE",
          "address": "700 Elm St, Manchester, NH 03101, USA",
          "name": "Greyhound: Bus Station",
          "locationConfidence": 11.64994,
          "calibratedProbability": 12.0562
        }, {
          "latitudeE7": 429871109,
          "longitudeE7": -714686876,
          "placeId": "ChIJM-DIyihP4okRob8J42cDivc",
          "address": "88 Commercial St, Manchester, NH 03101, USA",
          "name": "University of New Hampshire at Manchester",
          "locationConfidence": 9.869475,
          "calibratedProbability": 10.213647
        }, {
          "latitudeE7": 429871046,
          "longitudeE7": -714658812,
          "placeId": "ChIJzaun8iZP4okRceQ9xC52UAE",
          "address": "119 Canal St, Manchester, NH 03101, USA",
          "name": "Manchester Transportation Center",
          "locationConfidence": 2.6831417,
          "calibratedProbability": 2.776709
        }, {
          "latitudeE7": 429848476,
          "longitudeE7": -714720942,
          "placeId": "ChIJKdUK8tNO4okRb5CljqVl3lU",
          "address": "271 Granite St, Manchester, NH 03102, USA",
          "name": "Dunkin\u0027",
          "locationConfidence": 0.3847759,
          "calibratedProbability": 0.39819396
        }],
        "editConfirmationStatus": "NOT_CONFIRMED",
        "locationConfidence": 40,
        "placeVisitType": "SINGLE_PLACE",
        "placeVisitLevel": 1
      }],
      "centerLatE7": 429865700,
      "centerLngE7": -714689100,
      "visitConfidence": 88,
      "otherCandidateLocations": [{
        "latitudeE7": 429871213,
        "longitudeE7": -714659053,
        "placeId": "ChIJ2Ytji9dO4okRgju_qokrTzE",
        "address": "700 Elm St, Manchester, NH 03101, USA",
        "name": "Greyhound: Bus Station",
        "locationConfidence": 9.391404,
        "calibratedProbability": 7.3492913
      }, {
        "latitudeE7": 429899276,
        "longitudeE7": -714689207,
        "placeId": "ChIJx5LVUyhP4okRACNaK-ZzjIY",
        "address": "250 Commercial St, Manchester, NH 03101, USA",
        "name": "Waumbec Mills Management Office",
        "locationConfidence": 3.0366132,
        "calibratedProbability": 2.3763173
      }, {
        "latitudeE7": 429871046,
        "longitudeE7": -714658812,
        "placeId": "ChIJzaun8iZP4okRceQ9xC52UAE",
        "address": "119 Canal St, Manchester, NH 03101, USA",
        "name": "Manchester Transportation Center",
        "locationConfidence": 0.7897254,
        "calibratedProbability": 0.61800367
      }, {
        "latitudeE7": 429874687,
        "longitudeE7": -714675216,
        "placeId": "ChIJ5dsP0tdO4okR20F16JCTNUo",
        "address": "32 Mulsey St, Manchester, NH 03101, USA",
        "name": "Amoskeag Apartments",
        "locationConfidence": 0.4900793,
        "calibratedProbability": 0.38351408
      }],
      "editConfirmationStatus": "NOT_CONFIRMED",
      "simplifiedRawPath": {
        "points": [{
          "latE7": 429871310,
          "lngE7": -714678827,
          "accuracyMeters": 56,
          "timestamp": "2022-09-18T15:41:21.532Z"
        }, {
          "latE7": 429861310,
          "lngE7": -714689112,
          "accuracyMeters": 53,
          "timestamp": "2022-09-18T15:43:34.258Z"
        }, {
          "latE7": 429866945,
          "lngE7": -714695037,
          "accuracyMeters": 12,
          "timestamp": "2022-09-18T15:45:36.612Z"
        }, {
          "latE7": 429868284,
          "lngE7": -714691428,
          "accuracyMeters": 27,
          "timestamp": "2022-09-18T15:47:48.656Z"
        }],
        "source": "INFERRED",
        "distanceMeters": 251.11655681993577
      },
      "locationConfidence": 69,
      "placeVisitType": "SINGLE_PLACE",
      "placeVisitImportance": "MAIN"
    }
  }, {
    "activitySegment": {
      "startLocation": {
        "latitudeE7": 429860886,
        "longitudeE7": -714691227,
        "sourceInfo": {
          "deviceTag": -1000060559
        }
      },
      "endLocation": {
        "latitudeE7": 429840425,
        "longitudeE7": -714730952,
        "sourceInfo": {
          "deviceTag": -1000060559
        }
      },
      "duration": {
        "startTimestamp": "2022-09-18T15:50:02.616Z",
        "endTimestamp": "2022-09-18T16:05:58.139Z"
      },
      "distance": 395,
      "activityType": "WALKING",
      "confidence": "HIGH",
      "activities": [{
        "activityType": "WALKING",
        "probability": 91.01209044456482
      }, {
        "activityType": "IN_PASSENGER_VEHICLE",
        "probability": 4.576757177710533
      }, {
        "activityType": "STILL",
        "probability": 3.234197199344635
      }, {
        "activityType": "CYCLING",
        "probability": 0.6122541148215532
      }, {
        "activityType": "RUNNING",
        "probability": 0.25040737818926573
      }, {
        "activityType": "IN_BUS",
        "probability": 0.20569819025695324
      }, {
        "activityType": "MOTORCYCLING",
        "probability": 0.056359911104664207
      }, {
        "activityType": "IN_FERRY",
        "probability": 0.014669839583802968
      }, {
        "activityType": "IN_SUBWAY",
        "probability": 0.011744794755941257
      }, {
        "activityType": "IN_TRAM",
        "probability": 0.010434208525111899
      }, {
        "activityType": "SKIING",
        "probability": 0.008570398495066911
      }, {
        "activityType": "IN_TRAIN",
        "probability": 0.004257907858118415
      }, {
        "activityType": "SAILING",
        "probability": 0.0016473393770866096
      }, {
        "activityType": "FLYING",
        "probability": 9.171106285066344E-4
      }, {
        "activityType": "IN_VEHICLE",
        "probability": 9.134314971070978E-8
      }],
      "waypointPath": {
        "waypoints": [{
          "latE7": 429862365,
          "lngE7": -714687576
        }, {
          "latE7": 429864234,
          "lngE7": -714679412
        }, {
          "latE7": 429840850,
          "lngE7": -714731292
        }],
        "source": "INFERRED",
        "roadSegment": [{
          "placeId": "ChIJH0jZ_9ZO4okRpf-j8LLc9fs",
          "duration": "105s"
        }, {
          "placeId": "ChIJhSKyq9dO4okRUNJhonHUbxk",
          "duration": "21s"
        }, {
          "placeId": "ChIJa-D7q9dO4okR4FackYvTpKw",
          "duration": "31s"
        }, {
          "placeId": "ChIJE-0xqNdO4okRB4VY4l_4ZQM",
          "duration": "103s"
        }, {
          "placeId": "ChIJFWXQAtdO4okRHXgMn080ozs",
          "duration": "140s"
        }, {
          "placeId": "ChIJyzWOwdZO4okRfS4oc2-NwTM",
          "duration": "194s"
        }, {
          "placeId": "ChIJUzltutZO4okRt48QaGO1Jd4",
          "duration": "17s"
        }, {
          "placeId": "ChIJidtzsNZO4okR_d1OtgRlCrA",
          "duration": "48s"
        }, {
          "placeId": "ChIJKYC7rtZO4okRgoB0Ke9F7qM",
          "duration": "17s"
        }, {
          "placeId": "ChIJz7KKqtZO4okRqp3O5ig_mgA",
          "duration": "62s"
        }, {
          "placeId": "ChIJn6JC-dNO4okR14onLCsruFs",
          "duration": "97s"
        }, {
          "placeId": "ChIJNcmJ8NNO4okRTQ2DtX_tsHM",
          "duration": "33s"
        }, {
          "placeId": "ChIJtRsN7dNO4okRIqXnimxOK4Q",
          "duration": "83s"
        }],
        "distanceMeters": 656.701402191198,
        "travelMode": "WALK",
        "confidence": 1.0
      }
    }
  }, {
    "placeVisit": {
      "location": {
        "latitudeE7": 429838828,
        "longitudeE7": -714743097,
        "placeId": "ChIJNQxwotNO4okRqhRhy6rAsVI",
        "address": "4 Main St, Manchester, NH 03102, USA",
        "name": "Smokers Haven Manchester West - Smoke \u0026 Vape Shop",
        "sourceInfo": {
          "deviceTag": -1000060559
        },
        "locationConfidence": 92.59501,
        "calibratedProbability": 70.85818
      },
      "duration": {
        "startTimestamp": "2022-09-18T16:05:58.139Z",
        "endTimestamp": "2022-09-18T16:12:00.361Z"
      },
      "placeConfidence": "MEDIUM_CONFIDENCE",
      "centerLatE7": 429836675,
      "centerLngE7": -714731250,
      "visitConfidence": 83,
      "otherCandidateLocations": [{
        "latitudeE7": 429848476,
        "longitudeE7": -714720942,
        "placeId": "ChIJKdUK8tNO4okRb5CljqVl3lU",
        "address": "271 Granite St, Manchester, NH 03102, USA",
        "name": "Dunkin\u0027",
        "locationConfidence": 2.9624174,
        "calibratedProbability": 2.266985
      }, {
        "latitudeE7": 429833695,
        "longitudeE7": -714736737,
        "placeId": "ChIJmfdNr9NO4okR0Me8-N3bIWE",
        "address": "50 S Main St, Manchester, NH 03102, USA",
        "name": "Stacie\u0027s Barber Shop at Granite Square Barbering",
        "locationConfidence": 1.8594782,
        "calibratedProbability": 1.4229625
      }, {
        "latitudeE7": 429841281,
        "longitudeE7": -714735338,
        "placeId": "ChIJ-zEgmtNO4okRMOpIT7OaxFU",
        "address": "21 Main St, Manchester, NH 03102, USA",
        "name": "GULF",
        "locationConfidence": 0.74186,
        "calibratedProbability": 0.56770706
      }, {
        "latitudeE7": 429833344,
        "longitudeE7": -714732088,
        "placeId": "ChIJPVlglD2x44kRjL63LUHHLzQ",
        "address": "340 Granite St, Manchester, NH 03102, USA",
        "name": "MY TURN",
        "locationConfidence": 0.25290745,
        "calibratedProbability": 0.193537
      }],
      "editConfirmationStatus": "NOT_CONFIRMED",
      "locationConfidence": 78,
      "placeVisitType": "SINGLE_PLACE",
      "placeVisitImportance": "MAIN"
    }
  }, {
    "activitySegment": {
      "startLocation": {
        "latitudeE7": 429840797,
        "longitudeE7": -714723619,
        "sourceInfo": {
          "deviceTag": -1000060559
        }
      },
      "endLocation": {
        "latitudeE7": 429900631,
        "longitudeE7": -714635431,
        "sourceInfo": {
          "deviceTag": -1000060559
        }
      },
      "duration": {
        "startTimestamp": "2022-09-18T16:12:00.361Z",
        "endTimestamp": "2022-09-18T17:49:34.189Z"
      },
      "distance": 1476,
      "activityType": "WALKING",
      "confidence": "HIGH",
      "activities": [{
        "activityType": "WALKING",
        "probability": 79.9305260181427
      }, {
        "activityType": "STILL",
        "probability": 11.003202199935913
      }, {
        "activityType": "IN_PASSENGER_VEHICLE",
        "probability": 5.901971086859703
      }, {
        "activityType": "CYCLING",
        "probability": 0.9344763122498989
      }, {
        "activityType": "RUNNING",
        "probability": 0.7420315407216549
      }, {
        "activityType": "IN_BUS",
        "probability": 0.6618950050324202
      }, {
        "activityType": "IN_TRAM",
        "probability": 0.3466065973043442
      }, {
        "activityType": "IN_SUBWAY",
        "probability": 0.2647329121828079
      }, {
        "activityType": "IN_TRAIN",
        "probability": 0.09132407722063363
      }, {
        "activityType": "MOTORCYCLING",
        "probability": 0.05313856527209282
      }, {
        "activityType": "IN_FERRY",
        "probability": 0.03794673248194158
      }, {
        "activityType": "SKIING",
        "probability": 0.025105252279900014
      }, {
        "activityType": "SAILING",
        "probability": 0.0046409204514930025
      }, {
        "activityType": "FLYING",
        "probability": 0.002408760155958589
      }, {
        "activityType": "IN_VEHICLE",
        "probability": 3.1395277488854845E-6
      }],
      "waypointPath": {
        "waypoints": [{
          "latE7": 429841499,
          "lngE7": -714724197
        }, {
          "latE7": 429839324,
          "lngE7": -714719085
        }, {
          "latE7": 429820785,
          "lngE7": -714707565
        }, {
          "latE7": 429892501,
          "lngE7": -714630966
        }, {
          "latE7": 429900131,
          "lngE7": -714635467
        }],
        "source": "INFERRED",
        "roadSegment": [{
          "placeId": "ChIJNcmJ8NNO4okRvpTWU5jeAJ0",
          "duration": "68s"
        }, {
          "placeId": "ChIJWU8z5dNO4okR3LiMWllM8Bk",
          "duration": "269s"
        }, {
          "placeId": "ChIJuf9x4NNO4okROYYKRsN-MtU",
          "duration": "51s"
        }, {
          "placeId": "ChIJnQFl39NO4okRkEj2HvNFyIw",
          "duration": "119s"
        }, {
          "placeId": "ChIJAX_CYtFO4okRpQc_PWRLMv0",
          "duration": "124s"
        }, {
          "placeId": "ChIJr0dBfNFO4okRtL409a06u_4",
          "duration": "77s"
        }, {
          "placeId": "ChIJV_PHftFO4okRsuxIrChuuqc",
          "duration": "47s"
        }, {
          "placeId": "ChIJY5qQedFO4okRVF1CEPqaiu4",
          "duration": "145s"
        }, {
          "placeId": "ChIJC3lUdtFO4okR7kREwwmqvas",
          "duration": "145s"
        }, {
          "placeId": "ChIJ0eK_gtFO4okRi5FJHZyI_Sg",
          "duration": "162s"
        }, {
          "placeId": "ChIJkVxFf9FO4okR7zQHapnaF3M",
          "duration": "77s"
        }, {
          "placeId": "ChIJV_PHftFO4okRs-xIrChuuqc",
          "duration": "47s"
        }, {
          "placeId": "ChIJr0dBfNFO4okRtb409a06u_4",
          "duration": "81s"
        }, {
          "placeId": "ChIJAX_CYtFO4okRpAc_PWRLMv0",
          "duration": "132s"
        }, {
          "placeId": "ChIJnQFl39NO4okRkUj2HvNFyIw",
          "duration": "128s"
        }, {
          "placeId": "ChIJuf9x4NNO4okROIYKRsN-MtU",
          "duration": "55s"
        }, {
          "placeId": "ChIJWU8z5dNO4okR3biMWllM8Bk",
          "duration": "290s"
        }, {
          "placeId": "ChIJlVrn-9NO4okRlGyJorAigac",
          "duration": "68s"
        }, {
          "placeId": "ChIJpx_N_9NO4okRnClx28DDgrI",
          "duration": "256s"
        }, {
          "placeId": "ChIJN1MYrNZO4okRdCikR04eHYE",
          "duration": "34s"
        }, {
          "placeId": "ChIJM3MmrtZO4okRdUPo7pItzS8",
          "duration": "175s"
        }, {
          "placeId": "ChIJZ9fTudZO4okR91cZtPRynSg",
          "duration": "102s"
        }, {
          "placeId": "ChIJQZ-sw9ZO4okRI6_ZTnLs0j8",
          "duration": "316s"
        }, {
          "placeId": "ChIJhUrmHNdO4okRS69ToQJrR0w",
          "duration": "325s"
        }, {
          "placeId": "ChIJZby3CNdO4okRMgJq0hJNcc4",
          "duration": "55s"
        }, {
          "placeId": "ChIJU1dFCtdO4okRiwhS98jOvqI",
          "duration": "205s"
        }, {
          "placeId": "ChIJqwSMntdO4okRuSraKv8GlTk",
          "duration": "154s"
        }, {
          "placeId": "ChIJA3Q3m9dO4okRR34zabon9aM",
          "duration": "102s"
        }, {
          "placeId": "ChIJQ4qhhddO4okRB2wdlH7dD4w",
          "duration": "42s"
        }, {
          "placeId": "ChIJWRbAiNdO4okRz38G_o4OC7A",
          "duration": "201s"
        }, {
          "placeId": "ChIJq_NPIdhO4okREsOXgjVVr8A",
          "duration": "85s"
        }, {
          "placeId": "ChIJS-V7PdhO4okRgDxHJdI6JEk",
          "duration": "265s"
        }, {
          "placeId": "ChIJ2WDgFNhO4okR0I8Zl0zThVc",
          "duration": "68s"
        }, {
          "placeId": "ChIJHU80adhO4okR7lnH6nXzQAc",
          "duration": "248s"
        }, {
          "placeId": "ChIJtxv1ZNhO4okRNijMHp5fraQ",
          "duration": "34s"
        }, {
          "placeId": "ChIJU47de9hO4okR4WI15itjlqQ",
          "duration": "243s"
        }, {
          "placeId": "ChIJBQ1qhydP4okRlQuP3Wgxwyc",
          "duration": "17s"
        }, {
          "placeId": "ChIJHQ3qhidP4okREw4voZ5IJuM",
          "duration": "85s"
        }, {
          "placeId": "ChIJCYvHhCdP4okRbVAF7k_2RnE",
          "duration": "149s"
        }, {
          "placeId": "ChIJUzZdmSdP4okRBZSNdCo9Yc8",
          "duration": "111s"
        }, {
          "placeId": "ChIJB7OjmCdP4okRjc1qrwWPtjI",
          "duration": "59s"
        }, {
          "placeId": "ChIJQcbLoydP4okRH8TslRzkhL4",
          "duration": "72s"
        }, {
          "placeId": "ChIJHznspSdP4okRDTQPKerifJk",
          "duration": "188s"
        }, {
          "placeId": "ChIJATuhridP4okRjS4GfqgZMRs",
          "duration": "38s"
        }, {
          "placeId": "ChIJrwn_sSdP4okRy6CeQiIlTJo",
          "duration": "119s"
        }],
        "distanceMeters": 1816.7669152747742,
        "travelMode": "WALK",
        "confidence": 1.0
      },
      "simplifiedRawPath": {
        "points": [{
          "latE7": 429819260,
          "lngE7": -714708023,
          "accuracyMeters": 21,
          "timestamp": "2022-09-18T16:16:02.491Z"
        }]
      }
    }
  }, {
    "placeVisit": {
      "location": {
        "latitudeE7": 429901727,
        "longitudeE7": -714633216,
        "placeId": "ChIJHQsKrSdP4okRg9m4Ie1oly8",
        "address": "844 Elm St, Manchester, NH 03101, USA",
        "name": "Bookery Manchester",
        "sourceInfo": {
          "deviceTag": -1000060559
        },
        "locationConfidence": 94.13875,
        "calibratedProbability": 78.48821
      },
      "duration": {
        "startTimestamp": "2022-09-18T17:49:34.189Z",
        "endTimestamp": "2022-09-18T18:04:07.355Z"
      },
      "placeConfidence": "HIGH_CONFIDENCE",
      "centerLatE7": 429900771,
      "centerLngE7": -714635186,
      "visitConfidence": 88,
      "otherCandidateLocations": [{
        "latitudeE7": 429886577,
        "longitudeE7": -714622127,
        "placeId": "ChIJ-3oZdCdP4okR_9_fAzlmaPM",
        "address": "723 Elm St, Manchester, NH 03101, USA",
        "name": "Veteran\u0027s Memorial Park",
        "locationConfidence": 1.4681348,
        "calibratedProbability": 1.2240578
      }, {
        "latitudeE7": 429916889,
        "longitudeE7": -714626579,
        "placeId": "ChIJ_abYYyZP4okRm6KyG-2Ow8I",
        "address": "947 Elm St, Manchester, NH 03101, USA",
        "name": "Bunny’s Convenience Store",
        "locationConfidence": 0.8891197,
        "calibratedProbability": 0.7413038
      }, {
        "latitudeE7": 429904770,
        "longitudeE7": -714628537,
        "placeId": "ChIJ6dDz-tBP4okRfyfi5-v4mSI",
        "address": "875 Elm St, Manchester, NH 03101, USA",
        "name": "Red Oak Apartments at 875 Elm Street",
        "locationConfidence": 0.8855356,
        "calibratedProbability": 0.7383156
      }, {
        "latitudeE7": 429899793,
        "longitudeE7": -714632451,
        "placeId": "ChIJ1wlL7_5P4okR9GTq0yKVDyg",
        "address": "836 Elm St, Manchester, NH 03101, USA",
        "name": "Wild Orchid Bakery",
        "locationConfidence": 0.39864147,
        "calibratedProbability": 0.33236745
      }],
      "editConfirmationStatus": "NOT_CONFIRMED",
      "locationConfidence": 80,
      "placeVisitType": "SINGLE_PLACE",
      "placeVisitImportance": "MAIN"
    }
  }, {
    "activitySegment": {
      "startLocation": {
        "latitudeE7": 429900733,
        "longitudeE7": -714635558,
        "sourceInfo": {
          "deviceTag": -1000060559
        }
      },
      "endLocation": {
        "latitudeE7": 429956383,
        "longitudeE7": -714526133,
        "sourceInfo": {
          "deviceTag": -1000060559
        }
      },
      "duration": {
        "startTimestamp": "2022-09-18T18:04:07.355Z",
        "endTimestamp": "2022-09-18T18:19:22Z"
      },
      "distance": 1184,
      "activityType": "WALKING",
      "confidence": "HIGH",
      "activities": [{
        "activityType": "WALKING",
        "probability": 80.5068850517273
      }, {
        "activityType": "STILL",
        "probability": 8.979448676109314
      }, {
        "activityType": "IN_PASSENGER_VEHICLE",
        "probability": 8.099474012851715
      }, {
        "activityType": "IN_BUS",
        "probability": 0.8783232420682907
      }, {
        "activityType": "CYCLING",
        "probability": 0.6925839930772781
      }, {
        "activityType": "RUNNING",
        "probability": 0.45395842753350735
      }, {
        "activityType": "IN_TRAM",
        "probability": 0.15882104635238647
      }, {
        "activityType": "MOTORCYCLING",
        "probability": 0.07807802176102996
      }, {
        "activityType": "IN_SUBWAY",
        "probability": 0.07443837239407003
      }, {
        "activityType": "IN_TRAIN",
        "probability": 0.029147081659175456
      }, {
        "activityType": "IN_FERRY",
        "probability": 0.027614543796516955
      }, {
        "activityType": "SKIING",
        "probability": 0.015672596055082977
      }, {
        "activityType": "FLYING",
        "probability": 0.0030682618671562523
      }, {
        "activityType": "SAILING",
        "probability": 0.0024890730855986476
      }, {
        "activityType": "IN_VEHICLE",
        "probability": 3.1677714673605806E-6
      }],
      "waypointPath": {
        "waypoints": [{
          "latE7": 429900131,
          "lngE7": -714635543
        }, {
          "latE7": 429944534,
          "lngE7": -714631805
        }, {
          "latE7": 429956092,
          "lngE7": -714526138
        }],
        "source": "INFERRED",
        "roadSegment": [{
          "placeId": "ChIJrwn_sSdP4okRyqCeQiIlTJo",
          "duration": "27s"
        }, {
          "placeId": "ChIJgTlhrCdP4okRT688gsmjTFg",
          "duration": "11s"
        }, {
          "placeId": "ChIJweOfUyZP4okRpmnxtx0NPDI",
          "duration": "31s"
        }, {
          "placeId": "ChIJtwDhUCZP4okRqLutQgBRG2E",
          "duration": "11s"
        }, {
          "placeId": "ChIJUxZ6WiZP4okRYAovVGVo-wA",
          "duration": "9s"
        }, {
          "placeId": "ChIJ8S2yWyZP4okRKay60FfDMMo",
          "duration": "11s"
        }, {
          "placeId": "ChIJt5xNXCZP4okRK9Ejs-irHAg",
          "duration": "25s"
        }, {
          "placeId": "ChIJM5tYZiZP4okRnKMmwdoQcd8",
          "duration": "21s"
        }, {
          "placeId": "ChIJXzhYZCZP4okRNgLGv0M__mg",
          "duration": "12s"
        }, {
          "placeId": "ChIJ7dHPZCZP4okRFCtC9GRnrZA",
          "duration": "4s"
        }, {
          "placeId": "ChIJOasieyZP4okRnk_6h1wesOU",
          "duration": "9s"
        }, {
          "placeId": "ChIJI4nIeyZP4okRg1T9bY7UXSg",
          "duration": "11s"
        }, {
          "placeId": "ChIJaW0OeSZP4okRDqh4F3L4zT4",
          "duration": "11s"
        }, {
          "placeId": "ChIJK7CPeCZP4okR1NJP_Dc-g6w",
          "duration": "11s"
        }, {
          "placeId": "ChIJzyg31iVP4okRjNgVKi1okhE",
          "duration": "2s"
        }, {
          "placeId": "ChIJv4ev0SVP4okRdW8yfSfQsK4",
          "duration": "24s"
        }, {
          "placeId": "ChIJYYwhzyVP4okRN_f7P1USUrg",
          "duration": "22s"
        }, {
          "placeId": "ChIJ0xywySVP4okRoYo-mRnk8Cw",
          "duration": "16s"
        }, {
          "placeId": "ChIJ_xNLtiVP4okRv-ZYu6pHTR0",
          "duration": "11s"
        }, {
          "placeId": "ChIJOc0styVP4okRwvNumRzLMh4",
          "duration": "17s"
        }, {
          "placeId": "ChIJpYLdryVP4okRGih6E4_l6JM",
          "duration": "30s"
        }, {
          "placeId": "ChIJNRJRqSVP4okR1XGRyOZlRZE",
          "duration": "31s"
        }, {
          "placeId": "ChIJA_ebVSRP4okR-g5Kp0VXIaU",
          "duration": "39s"
        }, {
          "placeId": "ChIJ76BH-CRP4okR0AVzclNbO34",
          "duration": "13s"
        }, {
          "placeId": "ChIJAzIQ9yRP4okR1KuyZCc3f9c",
          "duration": "17s"
        }, {
          "placeId": "ChIJl4FD8yRP4okRJRaZ-L9ffvo",
          "duration": "29s"
        }, {
          "placeId": "ChIJo1Y0jCRP4okRm6tKDgMv6BA",
          "duration": "22s"
        }, {
          "placeId": "ChIJgUA6myRP4okRlf_4Qm2D0mc",
          "duration": "46s"
        }, {
          "placeId": "ChIJP8QmZCNP4okRtroH710sdD0",
          "duration": "46s"
        }, {
          "placeId": "ChIJTV-5aiNP4okR1Mi_Ult55Bk",
          "duration": "46s"
        }, {
          "placeId": "ChIJiakCPSNP4okRuHYjkT9dHd0",
          "duration": "27s"
        }, {
          "placeId": "ChIJBev9IyNP4okRmVv6ksMcNr8",
          "duration": "27s"
        }, {
          "placeId": "ChIJfeLv2CJP4okR1AWHL5W2iG0",
          "duration": "27s"
        }, {
          "placeId": "ChIJxbqW2iJP4okRSOikYZSOy-E",
          "duration": "27s"
        }, {
          "placeId": "ChIJVWXMySJP4okRKA4QPv10Q8E",
          "duration": "26s"
        }, {
          "placeId": "ChIJVWXMySJP4okR9tzRSychbo0",
          "duration": "25s"
        }, {
          "placeId": "ChIJSwwWsiJP4okRISP1eY-2uJo",
          "duration": "25s"
        }, {
          "placeId": "ChIJof9wqyJP4okR-7TOkYClUkQ",
          "duration": "25s"
        }],
        "distanceMeters": 1432.4895594195373,
        "travelMode": "WALK",
        "confidence": 0.9556058829081405
      }
    }
  }, {
    "placeVisit": {
      "location": {
        "latitudeE7": 430038138,
        "longitudeE7": -714726073,
        "placeId": "ChIJK8wKiDNP4okRiMyXiz1HPtE",
        "address": "21 Front St, Manchester, NH 03102, USA",
        "name": "La Quinta Inn \u0026 Suites by Wyndham Manchester",
        "sourceInfo": {
          "deviceTag": -1000060559
        },
        "locationConfidence": 56.416977,
        "calibratedProbability": 43.55
      },
      "duration": {
        "startTimestamp": "2022-09-19T20:42:57Z",
        "endTimestamp": "2022-09-20T00:31:51.437Z"
      },
      "placeConfidence": "MEDIUM_CONFIDENCE",
      "centerLatE7": 430056250,
      "centerLngE7": -714698150,
      "visitConfidence": 92,
      "otherCandidateLocations": [{
        "latitudeE7": 430061763,
        "longitudeE7": -714688819,
        "placeId": "ChIJU1AcTDZP4okRu5iHn1UDHLE",
        "address": "196 River Rd, Manchester, NH 03104, USA",
        "semanticType": "TYPE_SEARCHED_ADDRESS",
        "locationConfidence": 34.012238,
        "calibratedProbability": 26.255093
      }, {
        "latitudeE7": 430048536,
        "longitudeE7": -714730929,
        "placeId": "ChIJ9SJFazRP4okR8DWdRgW9DoI",
        "address": "49 Amoskeag St, Manchester, NH 03103, USA",
        "name": "Sunoco Gas Station",
        "locationConfidence": 5.9028063,
        "calibratedProbability": 4.5565577
      }, {
        "latitudeE7": 430061890,
        "longitudeE7": -714682480,
        "placeId": "ChIJ8bFqtDdP4okRpS4TTJagN7o",
        "address": "Manchester, NH 03104, USA",
        "name": "River Rd \u0026 West Webster",
        "locationConfidence": 0.8746732,
        "calibratedProbability": 0.6751872
      }, {
        "latitudeE7": 430060320,
        "longitudeE7": -714679010,
        "placeId": "ChIJWyjPsDdP4okRgBoUw-3kF30",
        "address": "Manchester, NH 03104, USA",
        "name": "West Webster St \u0026 River Rd",
        "locationConfidence": 0.7768052,
        "calibratedProbability": 0.5996399
      }, {
        "latitudeE7": 430034172,
        "longitudeE7": -714695117,
        "placeId": "ChIJ_aWbzjZP4okRVE9O6wRdqxE",
        "address": "Manchester, NH 03104, USA",
        "name": "Merrimack River Reservoir",
        "locationConfidence": 0.72787786,
        "calibratedProbability": 0.56187135
      }, {
        "latitudeE7": 430062978,
        "longitudeE7": -714685703,
        "placeId": "ChIJLeDmtTdP4okRKs4dlVCsuGM",
        "address": "196 River Rd, Manchester, NH 03104, USA",
        "name": "Franklin Point Apartments",
        "locationConfidence": 0.5331577,
        "calibratedProbability": 0.41156083
      }],
      "editConfirmationStatus": "NOT_CONFIRMED",
      "locationConfidence": 45,
      "placeVisitType": "SINGLE_PLACE",
      "placeVisitImportance": "MAIN"
    }
  }, {
    "activitySegment": {
      "startLocation": {
        "latitudeE7": 430050318,
        "longitudeE7": -714714148,
        "sourceInfo": {
          "deviceTag": -1000060559
        }
      },
      "endLocation": {
        "latitudeE7": 430067370,
        "longitudeE7": -714597235,
        "sourceInfo": {
          "deviceTag": -1000060559
        }
      },
      "duration": {
        "startTimestamp": "2022-09-20T00:31:51.437Z",
        "endTimestamp": "2022-09-20T00:41:51.553Z"
      },
      "distance": 984,
      "activityType": "WALKING",
      "confidence": "MEDIUM",
      "activities": [{
        "activityType": "WALKING",
        "probability": 63.45428824424744
      }, {
        "activityType": "IN_PASSENGER_VEHICLE",
        "probability": 17.913730442523956
      }, {
        "activityType": "STILL",
        "probability": 10.888662934303284
      }, {
        "activityType": "CYCLING",
        "probability": 5.518496036529541
      }, {
        "activityType": "RUNNING",
        "probability": 1.078722346574068
      }, {
        "activityType": "MOTORCYCLING",
        "probability": 0.5346702877432108
      }, {
        "activityType": "IN_BUS",
        "probability": 0.3445865586400032
      }, {
        "activityType": "SKIING",
        "probability": 0.088893884094432
      }, {
        "activityType": "IN_FERRY",
        "probability": 0.07921997457742691
      }, {
        "activityType": "IN_TRAM",
        "probability": 0.03968247910961509
      }, {
        "activityType": "IN_SUBWAY",
        "probability": 0.021990541426930577
      }, {
        "activityType": "IN_TRAIN",
        "probability": 0.01963503164006397
      }, {
        "activityType": "SAILING",
        "probability": 0.014825387916062027
      }, {
        "activityType": "FLYING",
        "probability": 0.00259030275628902
      }, {
        "activityType": "IN_VEHICLE",
        "probability": 9.385573207509879E-6
      }],
      "simplifiedRawPath": {
        "points": [{
          "latE7": 430060590,
          "lngE7": -714687850,
          "accuracyMeters": 15,
          "timestamp": "2022-09-20T00:33:51.556Z"
        }],
        "source": "INFERRED",
        "distanceMeters": 983.114114722071
      }
    }
  }, {
    "placeVisit": {
      "location": {
        "latitudeE7": 430066732,
        "longitudeE7": -714597128,
        "placeId": "ChIJG-K4UUdP4okRcLq0DEBYWKc",
        "address": "111 Webster St, Manchester, NH 03104, USA",
        "name": "7-Eleven",
        "sourceInfo": {
          "deviceTag": -1000060559
        },
        "locationConfidence": 82.060715,
        "calibratedProbability": 62.91507
      },
      "duration": {
        "startTimestamp": "2022-09-20T00:41:51.553Z",
        "endTimestamp": "2022-09-20T00:48:13.369Z"
      },
      "placeConfidence": "MEDIUM_CONFIDENCE",
      "centerLatE7": 430069300,
      "centerLngE7": -714596550,
      "visitConfidence": 89,
      "otherCandidateLocations": [{
        "latitudeE7": 430072480,
        "longitudeE7": -714595172,
        "placeId": "ChIJr-GsTUdP4okRzNmo5ChY8Wg",
        "address": "108 Webster St, Manchester, NH 03104, USA",
        "name": "Cumberland Farms",
        "locationConfidence": 17.211092,
        "calibratedProbability": 13.19556
      }, {
        "latitudeE7": 430065564,
        "longitudeE7": -714614288,
        "placeId": "ChIJwTT7Y0dP4okRZXM0clEJREo",
        "address": "75 Webster St, Manchester, NH 03104, USA",
        "name": "Bunny\u0027s Superette",
        "locationConfidence": 0.38773537,
        "calibratedProbability": 0.29727256
      }, {
        "latitudeE7": 430067652,
        "longitudeE7": -714601534,
        "placeId": "ChIJWfy1OdFP4okRGSVg3Q8xOAo",
        "address": "4 Pershing St, Manchester, NH 03102, USA",
        "name": "Cutting Edge Testosterone Therapy",
        "locationConfidence": 0.08418761,
        "calibratedProbability": 0.06454574
      }, {
        "latitudeE7": 430103620,
        "longitudeE7": -714566444,
        "placeId": "ChIJWRWmh0FP4okR5XC1JxHt85A",
        "address": "156 Hooksett Rd, Manchester, NH 03104, USA",
        "name": "Livingston Park",
        "locationConfidence": 0.057127133,
        "calibratedProbability": 0.043798763
      }],
      "editConfirmationStatus": "NOT_CONFIRMED",
      "locationConfidence": 67,
      "placeVisitType": "SINGLE_PLACE",
      "placeVisitImportance": "MAIN"
    }
  }, {
    "activitySegment": {
      "startLocation": {
        "latitudeE7": 430070626,
        "longitudeE7": -714598265,
        "sourceInfo": {
          "deviceTag": -1000060559
        }
      },
      "endLocation": {
        "latitudeE7": 430050209,
        "longitudeE7": -714713740,
        "sourceInfo": {
          "deviceTag": -1000060559
        }
      },
      "duration": {
        "startTimestamp": "2022-09-20T00:48:13.369Z",
        "endTimestamp": "2022-09-20T00:58:13.545Z"
      },
      "distance": 966,
      "activityType": "WALKING",
      "confidence": "MEDIUM",
      "activities": [{
        "activityType": "WALKING",
        "probability": 61.42852306365967
      }, {
        "activityType": "IN_PASSENGER_VEHICLE",
        "probability": 30.54237961769104
      }, {
        "activityType": "CYCLING",
        "probability": 4.438155144453049
      }, {
        "activityType": "STILL",
        "probability": 2.009076066315174
      }, {
        "activityType": "MOTORCYCLING",
        "probability": 0.9047362022101879
      }, {
        "activityType": "RUNNING",
        "probability": 0.3875763388350606
      }, {
        "activityType": "IN_BUS",
        "probability": 0.19628959707915783
      }, {
        "activityType": "IN_FERRY",
        "probability": 0.03613673325162381
      }, {
        "activityType": "SKIING",
        "probability": 0.031181576196104288
      }, {
        "activityType": "IN_TRAIN",
        "probability": 0.008105093002086505
      }, {
        "activityType": "IN_TRAM",
        "probability": 0.00711868706275709
      }, {
        "activityType": "SAILING",
        "probability": 0.005247259105090052
      }, {
        "activityType": "IN_SUBWAY",
        "probability": 0.0044348969822749496
      }, {
        "activityType": "FLYING",
        "probability": 0.0010498080882825889
      }, {
        "activityType": "IN_VEHICLE",
        "probability": 2.959314349126885E-7
      }],
      "waypointPath": {
        "waypoints": [{
          "latE7": 430069732,
          "lngE7": -714598083
        }, {
          "latE7": 430067291,
          "lngE7": -714618835
        }, {
          "latE7": 430049705,
          "lngE7": -714718399
        }],
        "source": "INFERRED",
        "roadSegment": [{
          "placeId": "ChIJR737TEdP4okRJvqt3Cm40oY",
          "duration": "7s"
        }, {
          "placeId": "ChIJW8rST0dP4okRSu_ekSVjdTk",
          "duration": "11s"
        }, {
          "placeId": "ChIJg4yyWkdP4okRQBnnCiKx57Q",
          "duration": "6s"
        }, {
          "placeId": "ChIJ0ahpW0dP4okRcmOzlkI4ESU",
          "duration": "8s"
        }, {
          "placeId": "ChIJNff_XEdP4okRWGPVTmQ8fVQ",
          "duration": "8s"
        }, {
          "placeId": "ChIJ2zhpZ0dP4okRjZZnYoMj9FI",
          "duration": "7s"
        }, {
          "placeId": "ChIJHSH4Y0dP4okRLJc1kXbVdXI",
          "duration": "16s"
        }, {
          "placeId": "ChIJ_UXOfEdP4okRY1xZXdmi-5c",
          "duration": "11s"
        }, {
          "placeId": "ChIJfa_DfUdP4okR9eBP-8bAwSg",
          "duration": "8s"
        }, {
          "placeId": "ChIJh7wkfkdP4okRvW0npI0XrQU",
          "duration": "4s"
        }, {
          "placeId": "ChIJG9iXfzhP4okRiXgmUv2p7E8",
          "duration": "22s"
        }, {
          "placeId": "ChIJ2cm_eThP4okRIUDAXuM4HAk",
          "duration": "12s"
        }, {
          "placeId": "ChIJWXUrcThP4okRg87_C_cdMIc",
          "duration": "6s"
        }, {
          "placeId": "ChIJeVkXczhP4okRoT-yC12SWaM",
          "duration": "20s"
        }, {
          "placeId": "ChIJeRH7DThP4okRPCOMyoP6YTw",
          "duration": "14s"
        }, {
          "placeId": "ChIJsbsVEDhP4okRUEJi499dD0M",
          "duration": "6s"
        }, {
          "placeId": "ChIJRZeCGzhP4okRhopCfmfkx_8",
          "duration": "21s"
        }, {
          "placeId": "ChIJV--pHzhP4okRj1GSaEhNRts",
          "duration": "20s"
        }, {
          "placeId": "ChIJ3zHOKDhP4okR9_Wb17Tr2bk",
          "duration": "58s"
        }, {
          "placeId": "ChIJ60Vs0TlP4okRfTOcRSZfMeo",
          "duration": "18s"
        }, {
          "placeId": "ChIJkUpx2zlP4okR8eLwTWOcUQM",
          "duration": "28s"
        }, {
          "placeId": "ChIJpQ3J5zlP4okR5ZmC8qh3apI",
          "duration": "17s"
        }, {
          "placeId": "ChIJsfXv4jlP4okRdF4YwNvcR-4",
          "duration": "34s"
        }, {
          "placeId": "ChIJQ8ZXSDdP4okR7r5K9i699zg",
          "duration": "60s"
        }, {
          "placeId": "ChIJZSbRLzdP4okR3p1vA64ZphE",
          "duration": "6s"
        }, {
          "placeId": "ChIJcRTHKDdP4okR6uL7L5LXxQA",
          "duration": "23s"
        }, {
          "placeId": "ChIJjaa71zZP4okRjFFIqdZhdJk",
          "duration": "12s"
        }, {
          "placeId": "ChIJuUhDuDZP4okRZxLupnt8xqY",
          "duration": "78s"
        }, {
          "placeId": "ChIJ0YLFHTRP4okR7VKP2qAhdIU",
          "duration": "20s"
        }, {
          "placeId": "ChIJp5LXPDRP4okRnqFyBEXZbgI",
          "duration": "17s"
        }, {
          "placeId": "ChIJp5LXPDRP4okROnZmJx425Lk",
          "duration": "8s"
        }],
        "distanceMeters": 1468.7639906030715,
        "travelMode": "WALK",
        "confidence": 1.0
      }
    }
  }, {
    "placeVisit": {
      "location": {
        "latitudeE7": 430038138,
        "longitudeE7": -714726073,
        "placeId": "ChIJK8wKiDNP4okRiMyXiz1HPtE",
        "address": "21 Front St, Manchester, NH 03102, USA",
        "name": "La Quinta Inn \u0026 Suites by Wyndham Manchester",
        "sourceInfo": {
          "deviceTag": -1000060559
        },
        "locationConfidence": 40.99288,
        "calibratedProbability": 10.701245
      },
      "duration": {
        "startTimestamp": "2022-09-20T00:58:13.545Z",
        "endTimestamp": "2022-09-20T01:57:52.035Z"
      },
      "placeConfidence": "LOW_CONFIDENCE",
      "centerLatE7": 430052218,
      "centerLngE7": -714717364,
      "visitConfidence": 63,
      "otherCandidateLocations": [{
        "latitudeE7": 430061763,
        "longitudeE7": -714688819,
        "placeId": "ChIJU1AcTDZP4okRu5iHn1UDHLE",
        "address": "196 River Rd, Manchester, NH 03104, USA",
        "semanticType": "TYPE_SEARCHED_ADDRESS",
        "locationConfidence": 28.957775,
        "calibratedProbability": 7.5594654
      }, {
        "latitudeE7": 430048536,
        "longitudeE7": -714730929,
        "placeId": "ChIJ9SJFazRP4okR8DWdRgW9DoI",
        "address": "49 Amoskeag St, Manchester, NH 03103, USA",
        "name": "Sunoco Gas Station",
        "locationConfidence": 20.980433,
        "calibratedProbability": 5.4769692
      }, {
        "latitudeE7": 430039515,
        "longitudeE7": -714733781,
        "placeId": "ChIJlxSZdjRP4okRFDcVAeMPpNc",
        "address": "21 Front St, Manchester, NH 03102, USA",
        "semanticType": "TYPE_SEARCHED_ADDRESS",
        "locationConfidence": 3.858698,
        "calibratedProbability": 1.0073181
      }, {
        "latitudeE7": 430034172,
        "longitudeE7": -714695117,
        "placeId": "ChIJ_aWbzjZP4okRVE9O6wRdqxE",
        "address": "Manchester, NH 03104, USA",
        "name": "Merrimack River Reservoir",
        "locationConfidence": 1.0557195,
        "calibratedProbability": 0.27559695
      }, {
        "latitudeE7": 430062000,
        "longitudeE7": -714742291,
        "placeId": "ChIJ4QYxsjVP4okRGAPXIIlxIOk",
        "address": "60 River Front Dr, Manchester, NH 03102, USA",
        "name": "The Meetinghouse at Riverfront",
        "locationConfidence": 0.66517305,
        "calibratedProbability": 0.1736443
      }, {
        "latitudeE7": 430061890,
        "longitudeE7": -714682480,
        "placeId": "ChIJ8bFqtDdP4okRpS4TTJagN7o",
        "address": "Manchester, NH 03104, USA",
        "name": "River Rd \u0026 West Webster",
        "locationConfidence": 0.55292344,
        "calibratedProbability": 0.1443414
      }, {
        "latitudeE7": 430046995,
        "longitudeE7": -714722813,
        "placeId": "ChIJ6493b2tP4okRctLCqMKCRug",
        "address": "37 Amoskeag St Suite B, Manchester, NH 03102, USA",
        "name": "Sink \u0026 Spout",
        "locationConfidence": 0.48651206,
        "calibratedProbability": 0.12700461
      }],
      "editConfirmationStatus": "NOT_CONFIRMED",
      "locationConfidence": 33,
      "placeVisitType": "SINGLE_PLACE",
      "placeVisitImportance": "MAIN"
    }
  }]
}