{
  "timelineObjects": [{
    "activitySegment": {
      "startLocation": {
        "latitudeE7": 429765931,
        "longitudeE7": -714735485,
        "sourceInfo": {
          "deviceTag": -729441570
        }
      },
      "endLocation": {
        "latitudeE7": 429766175,
        "longitudeE7": -714729088,
        "sourceInfo": {
          "deviceTag": -729441570
        }
      },
      "duration": {
        "startTimestamp": "2022-03-01T00:29:30.554Z",
        "endTimestamp": "2022-03-01T00:45:19.441Z"
      },
      "distance": 1233,
      "activityType": "WALKING",
      "confidence": "MEDIUM",
      "activities": [{
        "activityType": "WALKING",
        "probability": 70.20585536956787
      }, {
        "activityType": "STILL",
        "probability": 17.353370785713196
      }, {
        "activityType": "IN_PASSENGER_VEHICLE",
        "probability": 9.802868217229843
      }, {
        "activityType": "CYCLING",
        "probability": 1.3344895094633102
      }, {
        "activityType": "RUNNING",
        "probability": 0.450409110635519
      }, {
        "activityType": "MOTORCYCLING",
        "probability": 0.38168502505868673
      }, {
        "activityType": "IN_BUS",
        "probability": 0.34161536023020744
      }, {
        "activityType": "SKIING",
        "probability": 0.035351153928786516
      }, {
        "activityType": "IN_FERRY",
        "probability": 0.030346174025908113
      }, {
        "activityType": "IN_SUBWAY",
        "probability": 0.017031402967404574
      }, {
        "activityType": "FLYING",
        "probability": 0.015616333985235542
      }, {
        "activityType": "IN_TRAIN",
        "probability": 0.015318968507926911
      }, {
        "activityType": "IN_TRAM",
        "probability": 0.010009750258177519
      }, {
        "activityType": "SAILING",
        "probability": 0.0060362803196767345
      }, {
        "activityType": "IN_VEHICLE",
        "probability": 9.558950297972046E-8
      }],
      "waypointPath": {
        "waypoints": [{
          "latE7": 429765968,
          "lngE7": -714735412
        }, {
          "latE7": 429752616,
          "lngE7": -714746398
        }, {
          "latE7": 429751358,
          "lngE7": -714742889
        }],
        "source": "INFERRED",
        "roadSegment": [{
          "placeId": "ChIJhXR9XsxO4okR_GS_uldl_5s",
          "duration": "118s"
        }, {
          "placeId": "ChIJcckzYsxO4okRMdJNgqfmLxs",
          "duration": "83s"
        }, {
          "placeId": "ChIJRW04h8xO4okRMCcq1ab_njI",
          "duration": "153s"
        }, {
          "placeId": "ChIJ98fsgMxO4okR2XuSXYqGCSg",
          "duration": "125s"
        }, {
          "placeId": "ChIJDwW2fctO4okRJykeKTOAx5A",
          "duration": "90s"
        }, {
          "placeId": "ChIJ5x1gd8tO4okREGFz2OsmJKY",
          "duration": "202s"
        }],
        "distanceMeters": 308.59632341917245,
        "travelMode": "WALK",
        "confidence": 1.0
      }
    }
  }, {
    "placeVisit": {
      "location": {
        "latitudeE7": 429766006,
        "longitudeE7": -714727020,
        "placeId": "ChIJ49Hfa8xO4okRaaTeW3Yb31Y",
        "address": "75 West Hancock Street, Manchester, New Hampshire 03102, United States",
        "name": "Econo Lodge",
        "sourceInfo": {
          "deviceTag": -729441570
        },
        "locationConfidence": 97.532295,
        "calibratedProbability": 87.942375
      },
      "duration": {
        "startTimestamp": "2022-03-01T00:45:19.441Z",
        "endTimestamp": "2022-03-01T17:14:31Z"
      },
      "placeConfidence": "HIGH_CONFIDENCE",
      "centerLatE7": 429765828,
      "centerLngE7": -714727305,
      "visitConfidence": 93,
      "otherCandidateLocations": [{
        "latitudeE7": 429755092,
        "longitudeE7": -714744079,
        "placeId": "ChIJB4SJmstO4okRaG-WP9A6RIs",
        "address": "311 Queen City Ave, Manchester, NH 03102, USA",
        "name": "Speedway",
        "locationConfidence": 0.5538328,
        "calibratedProbability": 0.4993769
      }, {
        "latitudeE7": 429741638,
        "longitudeE7": -714744225,
        "placeId": "ChIJG3EBm8tO4okRyZavsBms3dw",
        "address": "298 Queen City Ave, Manchester, NH 03102, USA",
        "name": "Comfort Inn Airport",
        "locationConfidence": 0.07054176,
        "calibratedProbability": 0.0636057
      }, {
        "latitudeE7": 429778325,
        "longitudeE7": -714729817,
        "placeId": "ChIJwzCYEpFP4okRT8amDEBWUpw",
        "address": "Manchester, NH 03102, USA",
        "name": "Manchester Dog Park",
        "locationConfidence": 0.02077205,
        "calibratedProbability": 0.018729625
      }, {
        "latitudeE7": 429771804,
        "longitudeE7": -714736328,
        "placeId": "ChIJ4zaGXMxO4okR9GhZIwJ9ryI",
        "address": "394 Second St, Manchester, NH 03102, USA",
        "name": "Outfitters Thrift Store",
        "locationConfidence": 0.020188801,
        "calibratedProbability": 0.018203726
      }],
      "editConfirmationStatus": "NOT_CONFIRMED",
      "locationConfidence": 85,
      "placeVisitType": "SINGLE_PLACE",
      "placeVisitImportance": "MAIN"
    }
  }, {
    "activitySegment": {
      "startLocation": {
        "latitudeE7": 429768242,
        "longitudeE7": -714736408,
        "sourceInfo": {
          "deviceTag": -729441570
        }
      },
      "endLocation": {
        "latitudeE7": 429501228,
        "longitudeE7": -714318237,
        "sourceInfo": {
          "deviceTag": -729441570
        }
      },
      "duration": {
        "startTimestamp": "2022-03-01T17:14:31Z",
        "endTimestamp": "2022-03-01T17:27:59.485Z"
      },
      "distance": 5199,
      "activityType": "IN_PASSENGER_VEHICLE",
      "confidence": "HIGH",
      "activities": [{
        "activityType": "IN_PASSENGER_VEHICLE",
        "probability": 97.17959761619568
      }, {
        "activityType": "WALKING",
        "probability": 1.026162039488554
      }, {
        "activityType": "STILL",
        "probability": 0.8052816614508629
      }, {
        "activityType": "IN_BUS",
        "probability": 0.4879504442214966
      }, {
        "activityType": "CYCLING",
        "probability": 0.1755062723532319
      }, {
        "activityType": "MOTORCYCLING",
        "probability": 0.1454885001294315
      }, {
        "activityType": "IN_FERRY",
        "probability": 0.042507180478423834
      }, {
        "activityType": "RUNNING",
        "probability": 0.035077694337815046
      }, {
        "activityType": "FLYING",
        "probability": 0.03077156434301287
      }, {
        "activityType": "IN_TRAM",
        "probability": 0.02763746597338468
      }, {
        "activityType": "IN_SUBWAY",
        "probability": 0.022256166266743094
      }, {
        "activityType": "IN_TRAIN",
        "probability": 0.013976394257042557
      }, {
        "activityType": "SKIING",
        "probability": 0.0047041634388733655
      }, {
        "activityType": "SAILING",
        "probability": 0.0030752325983485207
      }, {
        "activityType": "IN_VEHICLE",
        "probability": 3.5848657375936455E-6
      }],
      "waypointPath": {
        "waypoints": [{
          "latE7": 429767646,
          "lngE7": -714737396
        }, {
          "latE7": 429770660,
          "lngE7": -714739990
        }, {
          "latE7": 429786338,
          "lngE7": -714715728
        }, {
          "latE7": 429478111,
          "lngE7": -714726104
        }, {
          "latE7": 429501037,
          "lngE7": -714317932
        }],
        "source": "INFERRED",
        "roadSegment": [{
          "placeId": "ChIJr1TsW8xO4okR83TjBLjpKUo",
          "duration": "2s"
        }, {
          "placeId": "ChIJCzwsUMxO4okRV7_E7PbE5Hs",
          "duration": "25s"
        }, {
          "placeId": "ChIJb1Dwt81O4okR_C7Sj6-pyVg",
          "duration": "14s"
        }, {
          "placeId": "ChIJb1Dwt81O4okRzHB0JDFyDpg",
          "duration": "8s"
        }, {
          "placeId": "ChIJl70D6s1O4okRIUPfsg-xO00",
          "duration": "5s"
        }, {
          "placeId": "ChIJyZuH3c1O4okRarqOsRY6foA",
          "duration": "68s"
        }, {
          "placeId": "ChIJwV6bdc5O4okREr7EeJXfek4",
          "duration": "5s"
        }, {
          "placeId": "ChIJwV6bdc5O4okRE77EeJXfek4",
          "duration": "2s"
        }, {
          "placeId": "ChIJyZuH3c1O4okRa7qOsRY6foA",
          "duration": "39s"
        }, {
          "placeId": "ChIJl70D6s1O4okRIEPfsg-xO00",
          "duration": "2s"
        }, {
          "placeId": "ChIJb1Dwt81O4okRzXB0JDFyDpg",
          "duration": "4s"
        }, {
          "placeId": "ChIJb1Dwt81O4okR_S7Sj6-pyVg",
          "duration": "8s"
        }, {
          "placeId": "ChIJCzwsUMxO4okRVr_E7PbE5Hs",
          "duration": "19s"
        }, {
          "placeId": "ChIJr1TsW8xO4okR4hrvgmZeg10",
          "duration": "1s"
        }, {
          "placeId": "ChIJhXR9XsxO4okRNkZc9HWCZ7Y",
          "duration": "9s"
        }, {
          "placeId": "ChIJebT0h8xO4okRjoRuMGWcSwc",
          "duration": "17s"
        }, {
          "placeId": "ChIJ98fsgMxO4okRv8Qcc95STM8",
          "duration": "1s"
        }, {
          "placeId": "ChIJ98fsgMxO4okRufa0CdiVnvk",
          "duration": "5s"
        }, {
          "placeId": "ChIJW3w5fsxO4okRQ2TRzqaLTgg",
          "duration": "2s"
        }, {
          "placeId": "ChIJdyFAO7VO4okRYBxCBqMKJ1o",
          "duration": "0s"
        }, {
          "placeId": "ChIJbfU1qbRO4okRj-3ei7ZgWkQ",
          "duration": "5s"
        }, {
          "placeId": "ChIJlQnmTrNO4okR9VLlOf8npe4",
          "duration": "4s"
        }, {
          "placeId": "ChIJ2T6YqKtO4okRa3LJLWT35-k",
          "duration": "1s"
        }, {
          "placeId": "ChIJu_dOqKtO4okRbKK9EbX3h0o",
          "duration": "11s"
        }, {
          "placeId": "ChIJ16w-V6pO4okRdyu2YcYoVEU",
          "duration": "2s"
        }, {
          "placeId": "ChIJ16w-V6pO4okRgtCdthk4_Ig",
          "duration": "2s"
        }, {
          "placeId": "ChIJnTwaYapO4okR6RP6jg0Y674",
          "duration": "2s"
        }, {
          "placeId": "ChIJ9RelRwFM4okRKo7AfcVyacs",
          "duration": "1s"
        }, {
          "placeId": "ChIJRXDViANM4okRCaiSF36CMF8",
          "duration": "2s"
        }, {
          "placeId": "ChIJoXpmfANM4okRWCXjhXAtSmM",
          "duration": "4s"
        }, {
          "placeId": "ChIJNb62jRxM4okRlYEfkymFpiQ",
          "duration": "4s"
        }, {
          "placeId": "ChIJGULJyx9M4okR6Uom-eGD0_g",
          "duration": "4s"
        }, {
          "placeId": "ChIJB7-eA6BO4okRrNwX_eCkk2Y",
          "duration": "5s"
        }, {
          "placeId": "ChIJu3HQVZlO4okR91rq34X3VaE",
          "duration": "1s"
        }, {
          "placeId": "ChIJKUf5A5tO4okRNOfV1ozPk9g",
          "duration": "1s"
        }, {
          "placeId": "ChIJiaCvZ49O4okRCLBQc8b1xu8",
          "duration": "4s"
        }, {
          "placeId": "ChIJFdrMQo9O4okRlJDmCO_31Mw",
          "duration": "1s"
        }, {
          "placeId": "ChIJN8C9RI9O4okRvTX236EPBxA",
          "duration": "19s"
        }, {
          "placeId": "ChIJ_YSt_IVO4okRPgu9CHyFvZE",
          "duration": "17s"
        }, {
          "placeId": "ChIJCfVF3oVO4okRALX_ZkP3xqM",
          "duration": "1s"
        }, {
          "placeId": "ChIJCfVF3oVO4okRESKSS2-XK8E",
          "duration": "4s"
        }, {
          "placeId": "ChIJkSZq24VO4okR1WlSXWJiJU8",
          "duration": "5s"
        }, {
          "placeId": "ChIJXWG82oVO4okRJqxNBwUoN-A",
          "duration": "2s"
        }, {
          "placeId": "ChIJ08yU0YVO4okRgxrEGdKu66E",
          "duration": "5s"
        }, {
          "placeId": "ChIJN2D6LIRO4okRrh1xXlSC1gA",
          "duration": "8s"
        }, {
          "placeId": "ChIJbxUrKYRO4okREOYgdSe-o10",
          "duration": "0s"
        }, {
          "placeId": "ChIJk_cRJ4RO4okRqBBGwWEkSHQ",
          "duration": "11s"
        }, {
          "placeId": "ChIJFdsqoIZO4okRDNoeLgLKWyU",
          "duration": "4s"
        }, {
          "placeId": "ChIJr8CppoZO4okRwZcrTl039-8",
          "duration": "8s"
        }, {
          "placeId": "ChIJlWilpYZO4okRE8WIGg1INsU",
          "duration": "1s"
        }, {
          "placeId": "ChIJVavBr4ZO4okRubsLsx9HVtc",
          "duration": "5s"
        }, {
          "placeId": "ChIJH5b1sYZO4okRXxWiohifdX8",
          "duration": "2s"
        }, {
          "placeId": "ChIJfxKAS4FO4okRVPku0ODcyjY",
          "duration": "26s"
        }, {
          "placeId": "ChIJhwpTSIFO4okRu61PfGS0JW4",
          "duration": "2s"
        }, {
          "placeId": "ChIJaScfSIFO4okRnjOftTRABss",
          "duration": "2s"
        }, {
          "placeId": "ChIJE4oRN4FO4okR5jL-QZkWRjE",
          "duration": "7s"
        }, {
          "placeId": "ChIJA01UMIFO4okRgqBCnr5LHx4",
          "duration": "2s"
        }, {
          "placeId": "ChIJp-qXLoFO4okRK1jtZSJ29D0",
          "duration": "9s"
        }, {
          "placeId": "ChIJtaRuKoFO4okRc9yWeojqP7I",
          "duration": "2s"
        }, {
          "placeId": "ChIJ8Xa41IBO4okReZ2yFQe9HzA",
          "duration": "8s"
        }, {
          "placeId": "ChIJ_aWqModO4okRmhixkeGw5lw",
          "duration": "11s"
        }, {
          "placeId": "ChIJwd9mzIBO4okRCf1cR1_1DRA",
          "duration": "7s"
        }, {
          "placeId": "ChIJEzyZy4BO4okRIl-BiVEhmgU",
          "duration": "7s"
        }, {
          "placeId": "ChIJk1CbNodO4okRVY-_TD4JS3U",
          "duration": "19s"
        }],
        "distanceMeters": 8640.606200503042,
        "travelMode": "DRIVE",
        "confidence": 0.9863033533738914
      },
      "simplifiedRawPath": {
        "points": [{
          "latE7": 429785957,
          "lngE7": -714716034,
          "accuracyMeters": 60,
          "timestamp": "2022-03-01T17:15:56.521Z"
        }]
      },
      "parkingEvent": {
        "location": {
          "latitudeE7": 429503525,
          "longitudeE7": -714313982,
          "accuracyMetres": 87
        },
        "method": "END_OF_ACTIVITY_SEGMENT",
        "locationSource": "NOT_FROM_RAW_LOCATION",
        "timestamp": "2022-03-01T17:31:51.964Z"
      }
    }
  }, {
    "placeVisit": {
      "location": {
        "latitudeE7": 429501994,
        "longitudeE7": -714312762,
        "placeId": "ChIJQ3ixLIdO4okRYx7xDi5FwWM",
        "address": "700 Huse Rd, Manchester, NH 03103, USA",
        "name": "Courtyard by Marriott Manchester-Boston Regional Airport",
        "sourceInfo": {
          "deviceTag": -729441570
        },
        "locationConfidence": 94.24093,
        "calibratedProbability": 81.03155
      },
      "duration": {
        "startTimestamp": "2022-03-01T17:27:59.485Z",
        "endTimestamp": "2022-03-01T20:09:00.606Z"
      },
      "placeConfidence": "HIGH_CONFIDENCE",
      "centerLatE7": 429502369,
      "centerLngE7": -714313024,
      "visitConfidence": 92,
      "otherCandidateLocations": [{
        "latitudeE7": 429501195,
        "longitudeE7": -714353449,
        "placeId": "ChIJ6wMk2LhP4okR84MuQRSNdyQ",
        "address": "1805 S Willow St, Manchester, NH 03103, USA",
        "name": "The Common Man Roadside Market \u0026 Deli and Irving Fuel - Manchester",
        "locationConfidence": 4.1288204,
        "calibratedProbability": 3.5501
      }, {
        "latitudeE7": 429556215,
        "longitudeE7": -714319254,
        "placeId": "ChIJSc604YVO4okRvM6f1jq5KqY",
        "address": "1500 S Willow St, Manchester, NH 03103, USA",
        "name": "The Mall of New Hampshire",
        "locationConfidence": 0.68360716,
        "calibratedProbability": 0.58778864
      }, {
        "latitudeE7": 429483145,
        "longitudeE7": -714331725,
        "placeId": "ChIJK5aOD4FO4okRre68MZoRWT8",
        "address": "1932 S Willow St, Manchester, NH 03103, USA",
        "name": "Nouria",
        "locationConfidence": 0.23433168,
        "calibratedProbability": 0.20148633
      }, {
        "latitudeE7": 429499970,
        "longitudeE7": -714348430,
        "placeId": "ChIJ-5JGUYFO4okRuREohll5zBs",
        "address": "1805 S Willow St, Manchester, NH 03103, USA",
        "name": "Irving Oil",
        "locationConfidence": 0.2161536,
        "calibratedProbability": 0.18585621
      }],
      "editConfirmationStatus": "NOT_CONFIRMED",
      "locationConfidence": 80,
      "placeVisitType": "SINGLE_PLACE",
      "placeVisitImportance": "MAIN"
    }
  }, {
    "activitySegment": {
      "startLocation": {
        "latitudeE7": 429498117,
        "longitudeE7": -714316565,
        "sourceInfo": {
          "deviceTag": -729441570
        }
      },
      "endLocation": {
        "latitudeE7": 429597839,
        "longitudeE7": -714375612,
        "sourceInfo": {
          "deviceTag": -729441570
        }
      },
      "duration": {
        "startTimestamp": "2022-03-01T20:09:00.606Z",
        "endTimestamp": "2022-03-01T20:14:01.800Z"
      },
      "distance": 1370,
      "activityType": "IN_PASSENGER_VEHICLE",
      "confidence": "HIGH",
      "activities": [{
        "activityType": "IN_PASSENGER_VEHICLE",
        "probability": 93.77300143241882
      }, {
        "activityType": "WALKING",
        "probability": 3.3096227794885635
      }, {
        "activityType": "IN_BUS",
        "probability": 1.6500094905495644
      }, {
        "activityType": "MOTORCYCLING",
        "probability": 0.4245143849402666
      }, {
        "activityType": "CYCLING",
        "probability": 0.32735096756368876
      }, {
        "activityType": "STILL",
        "probability": 0.2717124065384269
      }, {
        "activityType": "FLYING",
        "probability": 0.053291284712031484
      }, {
        "activityType": "IN_FERRY",
        "probability": 0.05237319855950773
      }, {
        "activityType": "IN_TRAIN",
        "probability": 0.04466444661375135
      }, {
        "activityType": "RUNNING",
        "probability": 0.03933543339371681
      }, {
        "activityType": "IN_SUBWAY",
        "probability": 0.02731712011154741
      }, {
        "activityType": "IN_TRAM",
        "probability": 0.017369340639561415
      }, {
        "activityType": "SKIING",
        "probability": 0.0066496482759248465
      }, {
        "activityType": "SAILING",
        "probability": 0.0027847205274156295
      }, {
        "activityType": "IN_VEHICLE",
        "probability": 9.736492723178003E-8
      }],
      "waypointPath": {
        "waypoints": [{
          "latE7": 429497985,
          "lngE7": -714316711
        }, {
          "latE7": 429547843,
          "lngE7": -714358596
        }, {
          "latE7": 429598121,
          "lngE7": -714375686
        }],
        "source": "INFERRED",
        "roadSegment": [{
          "placeId": "ChIJk1CbNodO4okRVI-_TD4JS3U",
          "duration": "5s"
        }, {
          "placeId": "ChIJEzyZy4BO4okRI1-BiVEhmgU",
          "duration": "8s"
        }, {
          "placeId": "ChIJwd9mzIBO4okRCP1cR1_1DRA",
          "duration": "5s"
        }, {
          "placeId": "ChIJ_aWqModO4okRmxixkeGw5lw",
          "duration": "10s"
        }, {
          "placeId": "ChIJA-DyLIdO4okRFDNlhy98CZw",
          "duration": "2s"
        }, {
          "placeId": "ChIJl-w01YBO4okRxKm3MJcmFg4",
          "duration": "10s"
        }, {
          "placeId": "ChIJOf8wLIFO4okRsKl4_fJ6XO0",
          "duration": "8s"
        }, {
          "placeId": "ChIJpc7KNoFO4okRr4J8xToE3Jg",
          "duration": "13s"
        }, {
          "placeId": "ChIJVyLnSYFO4okR8YwKNozKIZg",
          "duration": "4s"
        }, {
          "placeId": "ChIJD0QiS4FO4okRNwWUUW9sD4Y",
          "duration": "10s"
        }, {
          "placeId": "ChIJ92Xus4ZO4okR66--ekHMir8",
          "duration": "4s"
        }, {
          "placeId": "ChIJyWgNsYZO4okRmJW4yksInbo",
          "duration": "4s"
        }, {
          "placeId": "ChIJYXwKsIZO4okRhLO4guURgc8",
          "duration": "5s"
        }, {
          "placeId": "ChIJRT_EpIZO4okRyeugGy1QQ0Y",
          "duration": "1s"
        }, {
          "placeId": "ChIJLZBMooZO4okRlKRBofGTjRo",
          "duration": "6s"
        }, {
          "placeId": "ChIJfYNlnYZO4okRzPtDnZvBJ8Q",
          "duration": "12s"
        }, {
          "placeId": "ChIJW-yQ1IVO4okRASkPpBXaDnc",
          "duration": "21s"
        }, {
          "placeId": "ChIJqfVU2YVO4okROQadcirseVc",
          "duration": "10s"
        }, {
          "placeId": "ChIJCfVF3oVO4okR-P8AZ-KzIpo",
          "duration": "1s"
        }, {
          "placeId": "ChIJ6dDS44VO4okRdhb5fs4drOo",
          "duration": "5s"
        }, {
          "placeId": "ChIJ566K_YVO4okR0kDsRVb0pXQ",
          "duration": "13s"
        }, {
          "placeId": "ChIJGWrysohO4okREAzZVk-GcT8",
          "duration": "28s"
        }, {
          "placeId": "ChIJQ9JFLY9O4okRPkiAf7C13LU",
          "duration": "26s"
        }, {
          "placeId": "ChIJi3oN1Y5O4okRyXcyI_CqCiE",
          "duration": "5s"
        }, {
          "placeId": "ChIJxceG045O4okR0GrNsQhASwI",
          "duration": "4s"
        }, {
          "placeId": "ChIJh-q6zo5O4okRmu_VXJUHg9U",
          "duration": "20s"
        }, {
          "placeId": "ChIJdTR2uo5O4okRVMMToXOusJw",
          "duration": "10s"
        }, {
          "placeId": "ChIJJYEdpI5O4okRWNW3DRtqZi4",
          "duration": "16s"
        }, {
          "placeId": "ChIJY_oBoY5O4okRXs3HLvRxwaQ",
          "duration": "8s"
        }, {
          "placeId": "ChIJRY0vn45O4okRtWqi9-OK8sc",
          "duration": "16s"
        }],
        "distanceMeters": 1514.3249665159651,
        "travelMode": "DRIVE",
        "confidence": 1.0
      },
      "parkingEvent": {
        "location": {
          "latitudeE7": 429592188,
          "longitudeE7": -714380112,
          "accuracyMetres": 94
        },
        "method": "END_OF_ACTIVITY_SEGMENT",
        "locationSource": "FROM_RAW_LOCATION",
        "timestamp": "2022-03-01T20:15:05.927Z"
      }
    }
  }, {
    "placeVisit": {
      "location": {
        "latitudeE7": 429590047,
        "longitudeE7": -714382259,
        "placeId": "ChIJ4YcpbnxP4okRpeU53Rb4HfI",
        "address": "55 John E Devine Dr, Manchester, NH 03103, USA",
        "name": "EVEN Hotel Manchester Airport, an IHG Hotel",
        "sourceInfo": {
          "deviceTag": -729441570
        },
        "locationConfidence": 78.665474,
        "calibratedProbability": 65.72463
      },
      "duration": {
        "startTimestamp": "2022-03-01T20:14:01.800Z",
        "endTimestamp": "2022-03-02T21:14:10.368Z"
      },
      "placeConfidence": "MEDIUM_CONFIDENCE",
      "centerLatE7": 429586861,
      "centerLngE7": -714384817,
      "visitConfidence": 93,
      "otherCandidateLocations": [{
        "latitudeE7": 429583546,
        "longitudeE7": -714376492,
        "placeId": "ChIJ9X0X5o5O4okRBePDHZcIZCE",
        "address": "1279 S Willow St, Manchester, NH 03103, USA",
        "semanticType": "TYPE_SEARCHED_ADDRESS",
        "locationConfidence": 6.4162045,
        "calibratedProbability": 5.3607087
      }, {
        "latitudeE7": 429585175,
        "longitudeE7": -714370626,
        "placeId": "ChIJ7ZUs245O4okRnIlP50ObWUA",
        "address": "1279 S Willow St, Manchester, NH 03103, USA",
        "name": "Filotimo Casino \u0026 DraftKings Sports Book",
        "locationConfidence": 5.1868844,
        "calibratedProbability": 4.333617
      }, {
        "latitudeE7": 429587147,
        "longitudeE7": -714403897,
        "placeId": "ChIJh8vaOo5O4okRL3-qXz7W57U",
        "address": "165 John E Devine Dr, Manchester, NH 03103, USA",
        "name": "Goodwill Store: Manchester",
        "locationConfidence": 3.139188,
        "calibratedProbability": 2.6227767
      }, {
        "latitudeE7": 429582981,
        "longitudeE7": -714375861,
        "placeId": "ChIJiY5mw45O4okRW5-o7yDsBnA",
        "address": "1279 S Willow St, Manchester, NH 03103, USA",
        "name": "South Side Tavern",
        "locationConfidence": 2.5407484,
        "calibratedProbability": 2.1227832
      }, {
        "latitudeE7": 429590519,
        "longitudeE7": -714370104,
        "placeId": "ChIJ90qev45O4okRiy0hAuE4Zf8",
        "address": "1265 S Willow St, Manchester, NH 03103, USA",
        "name": "Sunoco Gas Station",
        "locationConfidence": 0.9928869,
        "calibratedProbability": 0.8295523
      }, {
        "latitudeE7": 429601994,
        "longitudeE7": -714395446,
        "placeId": "ChIJWd2H1Y1O4okR-2qk1Gl3YBQ",
        "address": "1111 S Willow St, Manchester, NH 03103, USA",
        "name": "ALDI",
        "locationConfidence": 0.48875096,
        "calibratedProbability": 0.40834913
      }, {
        "latitudeE7": 429601870,
        "longitudeE7": -714383580,
        "placeId": "ChIJZVgHgo5O4okRgd2YhuJYGOA",
        "address": "1111 S Willow St, Manchester, NH 03103, USA",
        "name": "Starbucks",
        "locationConfidence": 0.456968,
        "calibratedProbability": 0.3817946
      }],
      "editConfirmationStatus": "NOT_CONFIRMED",
      "locationConfidence": 63,
      "placeVisitType": "SINGLE_PLACE",
      "placeVisitImportance": "MAIN"
    }
  }, {
    "activitySegment": {
      "startLocation": {
        "latitudeE7": 429591670,
        "longitudeE7": -714372406,
        "sourceInfo": {
          "deviceTag": -729441570
        }
      },
      "endLocation": {
        "latitudeE7": 429955461,
        "longitudeE7": -714714634,
        "sourceInfo": {
          "deviceTag": -729441570
        }
      },
      "duration": {
        "startTimestamp": "2022-03-02T21:14:10.368Z",
        "endTimestamp": "2022-03-02T21:25:10.243Z"
      },
      "distance": 7494,
      "activityType": "IN_PASSENGER_VEHICLE",
      "confidence": "HIGH",
      "activities": [{
        "activityType": "IN_PASSENGER_VEHICLE",
        "probability": 96.74096703529358
      }, {
        "activityType": "WALKING",
        "probability": 1.5578380785882473
      }, {
        "activityType": "STILL",
        "probability": 0.5170672666281462
      }, {
        "activityType": "MOTORCYCLING",
        "probability": 0.4786461126059294
      }, {
        "activityType": "IN_BUS",
        "probability": 0.30363916885107756
      }, {
        "activityType": "CYCLING",
        "probability": 0.20003688987344503
      }, {
        "activityType": "IN_FERRY",
        "probability": 0.06774755311198533
      }, {
        "activityType": "FLYING",
        "probability": 0.05010021268390119
      }, {
        "activityType": "RUNNING",
        "probability": 0.03464026376605034
      }, {
        "activityType": "IN_TRAIN",
        "probability": 0.026342374621890485
      }, {
        "activityType": "SKIING",
        "probability": 0.008106949098873883
      }, {
        "activityType": "IN_SUBWAY",
        "probability": 0.006855282845208421
      }, {
        "activityType": "SAILING",
        "probability": 0.004047480979352258
      }, {
        "activityType": "IN_TRAM",
        "probability": 0.003956323052989319
      }, {
        "activityType": "IN_VEHICLE",
        "probability": 7.754289987893515E-8
      }],
      "simplifiedRawPath": {
        "points": [{
          "latE7": 430022916,
          "lngE7": -714735514,
          "accuracyMeters": 92,
          "timestamp": "2022-03-02T21:21:21.243Z"
        }, {
          "latE7": 430047893,
          "lngE7": -714715198,
          "accuracyMeters": 56,
          "timestamp": "2022-03-02T21:21:47.212Z"
        }, {
          "latE7": 430052530,
          "lngE7": -714744202,
          "accuracyMeters": 122,
          "timestamp": "2022-03-02T21:22:25.190Z"
        }, {
          "latE7": 430040974,
          "lngE7": -714773025,
          "accuracyMeters": 82,
          "timestamp": "2022-03-02T21:22:47.245Z"
        }],
        "source": "INFERRED",
        "distanceMeters": 7526.707994050016
      },
      "parkingEvent": {
        "location": {
          "latitudeE7": 429955926,
          "longitudeE7": -714714851,
          "accuracyMetres": 78
        },
        "method": "EXITING_VEHICLE_SIGNAL",
        "locationSource": "NOT_FROM_RAW_LOCATION",
        "timestamp": "2022-03-02T21:25:59.683Z"
      }
    }
  }, {
    "placeVisit": {
      "location": {
        "latitudeE7": 429952537,
        "longitudeE7": -714711159,
        "placeId": "ChIJ9QujBS1P4okRyvY2eDdR5C0",
        "address": "93 Eddy Rd, Manchester, NH 03102, USA",
        "name": "Store It Now | Manchester",
        "sourceInfo": {
          "deviceTag": -729441570
        },
        "locationConfidence": 96.52795,
        "calibratedProbability": 83.2157
      },
      "duration": {
        "startTimestamp": "2022-03-02T21:25:10.243Z",
        "endTimestamp": "2022-03-02T22:14:42Z"
      },
      "placeConfidence": "HIGH_CONFIDENCE",
      "centerLatE7": 429955791,
      "centerLngE7": -714715255,
      "visitConfidence": 90,
      "otherCandidateLocations": [{
        "latitudeE7": 429956327,
        "longitudeE7": -714711023,
        "placeId": "ChIJFRiZBS1P4okRLbPTFgJEt3E",
        "address": "95 Eddy Rd Ste 101, Manchester, NH 03102, USA",
        "name": "Spectrum Marketing Companies",
        "locationConfidence": 0.8663068,
        "calibratedProbability": 0.7468337
      }, {
        "latitudeE7": 429956482,
        "longitudeE7": -714713189,
        "placeId": "ChIJFRiZBS1P4okRxMvvL2Lkbi4",
        "address": "95 Eddy Rd Ste 102, Manchester, NH 03102, USA",
        "name": "Mail Data, Inc.",
        "locationConfidence": 0.29042062,
        "calibratedProbability": 0.25036848
      }, {
        "latitudeE7": 429952422,
        "longitudeE7": -714711898,
        "placeId": "ChIJ1VE9ny5P4okRbv3FFktG1Tw",
        "address": "93 Eddy Rd, Manchester, NH 03102, USA",
        "locationConfidence": 0.23588613,
        "calibratedProbability": 0.20335487
      }, {
        "latitudeE7": 429955635,
        "longitudeE7": -714732742,
        "placeId": "ChIJq_pkZixP4okR9BEG55V-htI",
        "address": "345 McGregor St, Manchester, NH 03102, USA",
        "name": "General Cable",
        "locationConfidence": 0.2057708,
        "calibratedProbability": 0.17739278
      }],
      "editConfirmationStatus": "NOT_CONFIRMED",
      "locationConfidence": 83,
      "placeVisitType": "SINGLE_PLACE",
      "placeVisitImportance": "MAIN"
    }
  }, {
    "placeVisit": {
      "location": {
        "latitudeE7": 429971860,
        "longitudeE7": -714738070,
        "placeId": "ChIJo0XT5ytP4okRLZ8mu6VgWPk",
        "address": "99 Eddy Rd, Manchester, NH 03102, USA",
        "name": "Planet Fitness",
        "sourceInfo": {
          "deviceTag": -729441570
        },
        "locationConfidence": 86.51877,
        "calibratedProbability": 47.680496
      },
      "duration": {
        "startTimestamp": "2022-03-02T22:14:42Z",
        "endTimestamp": "2022-03-02T22:43:13Z"
      },
      "placeConfidence": "MEDIUM_CONFIDENCE",
      "centerLatE7": 429973294,
      "centerLngE7": -714736834,
      "visitConfidence": 66,
      "otherCandidateLocations": [{
        "latitudeE7": 429952537,
        "longitudeE7": -714711159,
        "placeId": "ChIJ9QujBS1P4okRyvY2eDdR5C0",
        "address": "93 Eddy Rd, Manchester, NH 03102, USA",
        "name": "Store It Now | Manchester",
        "locationConfidence": 12.482049,
        "calibratedProbability": 6.8788576
      }, {
        "latitudeE7": 429955635,
        "longitudeE7": -714732742,
        "placeId": "ChIJq_pkZixP4okR9BEG55V-htI",
        "address": "345 McGregor St, Manchester, NH 03102, USA",
        "name": "General Cable",
        "locationConfidence": 0.25919905,
        "calibratedProbability": 0.1428446
      }, {
        "latitudeE7": 429956327,
        "longitudeE7": -714711023,
        "placeId": "ChIJFRiZBS1P4okRLbPTFgJEt3E",
        "address": "95 Eddy Rd Ste 101, Manchester, NH 03102, USA",
        "name": "Spectrum Marketing Companies",
        "locationConfidence": 0.23402637,
        "calibratedProbability": 0.12897193
      }, {
        "latitudeE7": 429976951,
        "longitudeE7": -714754727,
        "placeId": "ChIJAYwVEC1P4okRUG9l5lI2XQY",
        "address": "100 Eddy Rd, Manchester, NH 03102, USA",
        "name": "Dunkin\u0027",
        "locationConfidence": 0.14294642,
        "calibratedProbability": 0.078777775
      }],
      "editConfirmationStatus": "NOT_CONFIRMED",
      "locationConfidence": 71,
      "placeVisitType": "SINGLE_PLACE",
      "placeVisitImportance": "MAIN"
    }
  }, {
    "activitySegment": {
      "startLocation": {
        "latitudeE7": 429953233,
        "longitudeE7": -714716200,
        "sourceInfo": {
          "deviceTag": -729441570
        }
      },
      "endLocation": {
        "latitudeE7": 429592107,
        "longitudeE7": -714378836,
        "sourceInfo": {
          "deviceTag": -729441570
        }
      },
      "duration": {
        "startTimestamp": "2022-03-02T22:43:13Z",
        "endTimestamp": "2022-03-02T23:03:18.702Z"
      },
      "distance": 5019,
      "activityType": "IN_PASSENGER_VEHICLE",
      "confidence": "HIGH",
      "activities": [{
        "activityType": "IN_PASSENGER_VEHICLE",
        "probability": 93.99774670600891
      }, {
        "activityType": "WALKING",
        "probability": 2.6712318882346153
      }, {
        "activityType": "STILL",
        "probability": 1.284256111830473
      }, {
        "activityType": "IN_BUS",
        "probability": 1.2003997340798378
      }, {
        "activityType": "MOTORCYCLING",
        "probability": 0.3651420818641782
      }, {
        "activityType": "CYCLING",
        "probability": 0.2668991684913635
      }, {
        "activityType": "IN_SUBWAY",
        "probability": 0.04913711454719305
      }, {
        "activityType": "IN_FERRY",
        "probability": 0.04290029755793512
      }, {
        "activityType": "RUNNING",
        "probability": 0.03670164733193815
      }, {
        "activityType": "FLYING",
        "probability": 0.032730784732848406
      }, {
        "activityType": "IN_TRAIN",
        "probability": 0.022793571406509727
      }, {
        "activityType": "IN_TRAM",
        "probability": 0.02244856732431799
      }, {
        "activityType": "SKIING",
        "probability": 0.004132131653022952
      }, {
        "activityType": "SAILING",
        "probability": 0.0034795237297657877
      }, {
        "activityType": "IN_VEHICLE",
        "probability": 4.1538870121371474E-7
      }],
      "simplifiedRawPath": {
        "points": [{
          "latE7": 429592178,
          "lngE7": -714366643,
          "accuracyMeters": 47,
          "timestamp": "2022-03-02T23:02:18.059Z"
        }],
        "source": "INFERRED",
        "distanceMeters": 5019.102000924145
      },
      "parkingEvent": {
        "location": {
          "latitudeE7": 429592107,
          "longitudeE7": -714378836,
          "accuracyMetres": 86
        },
        "method": "END_OF_ACTIVITY_SEGMENT",
        "locationSource": "FROM_RAW_LOCATION",
        "timestamp": "2022-03-02T23:03:18.702Z"
      }
    }
  }, {
    "placeVisit": {
      "location": {
        "latitudeE7": 429590047,
        "longitudeE7": -714382259,
        "placeId": "ChIJ4YcpbnxP4okRpeU53Rb4HfI",
        "address": "55 John E Devine Dr, Manchester, NH 03103, USA",
        "name": "EVEN Hotel Manchester Airport, an IHG Hotel",
        "sourceInfo": {
          "deviceTag": -729441570
        },
        "locationConfidence": 48.853542,
        "calibratedProbability": 34.32905
      },
      "duration": {
        "startTimestamp": "2022-03-02T23:03:18.702Z",
        "endTimestamp": "2022-03-03T17:04:27.880Z"
      },
      "placeConfidence": "MEDIUM_CONFIDENCE",
      "centerLatE7": 429586262,
      "centerLngE7": -714384471,
      "visitConfidence": 89,
      "otherCandidateLocations": [{
        "latitudeE7": 429587147,
        "longitudeE7": -714403897,
        "placeId": "ChIJh8vaOo5O4okRL3-qXz7W57U",
        "address": "165 John E Devine Dr, Manchester, NH 03103, USA",
        "name": "Goodwill Store: Manchester",
        "locationConfidence": 24.575037,
        "calibratedProbability": 17.26871
      }, {
        "latitudeE7": 429585175,
        "longitudeE7": -714370626,
        "placeId": "ChIJ7ZUs245O4okRnIlP50ObWUA",
        "address": "1279 S Willow St, Manchester, NH 03103, USA",
        "name": "Filotimo Casino \u0026 DraftKings Sports Book",
        "locationConfidence": 7.6349387,
        "calibratedProbability": 5.365019
      }, {
        "latitudeE7": 429582981,
        "longitudeE7": -714375861,
        "placeId": "ChIJiY5mw45O4okRW5-o7yDsBnA",
        "address": "1279 S Willow St, Manchester, NH 03103, USA",
        "name": "South Side Tavern",
        "locationConfidence": 6.5392942,
        "calibratedProbability": 4.595117
      }, {
        "latitudeE7": 429583546,
        "longitudeE7": -714376492,
        "placeId": "ChIJ9X0X5o5O4okRBePDHZcIZCE",
        "address": "1279 S Willow St, Manchester, NH 03103, USA",
        "semanticType": "TYPE_SEARCHED_ADDRESS",
        "locationConfidence": 5.902579,
        "calibratedProbability": 4.1477013
      }, {
        "latitudeE7": 429583870,
        "longitudeE7": -714370689,
        "placeId": "ChIJW98Cxo5O4okRREnz4QTi_tk",
        "locationConfidence": 1.2546353,
        "calibratedProbability": 0.8816236
      }, {
        "latitudeE7": 429601994,
        "longitudeE7": -714395446,
        "placeId": "ChIJWd2H1Y1O4okR-2qk1Gl3YBQ",
        "address": "1111 S Willow St, Manchester, NH 03103, USA",
        "name": "ALDI",
        "locationConfidence": 1.0375587,
        "calibratedProbability": 0.7290853
      }, {
        "latitudeE7": 429601870,
        "longitudeE7": -714383580,
        "placeId": "ChIJZVgHgo5O4okRgd2YhuJYGOA",
        "address": "1111 S Willow St, Manchester, NH 03103, USA",
        "name": "Starbucks",
        "locationConfidence": 0.8122812,
        "calibratedProbability": 0.5707844
      }, {
        "latitudeE7": 429590519,
        "longitudeE7": -714370104,
        "placeId": "ChIJ90qev45O4okRiy0hAuE4Zf8",
        "address": "1265 S Willow St, Manchester, NH 03103, USA",
        "name": "Sunoco Gas Station",
        "locationConfidence": 0.5989935,
        "calibratedProbability": 0.4209086
      }, {
        "latitudeE7": 429597663,
        "longitudeE7": -714424285,
        "placeId": "ChIJR-D45JFO4okROf7l0XblCGU",
        "address": "200 John E Devine Dr, Manchester, NH 03103, USA",
        "name": "BJ\u0027s Wholesale Club",
        "locationConfidence": 0.5312567,
        "calibratedProbability": 0.37331042
      }],
      "editConfirmationStatus": "NOT_CONFIRMED",
      "locationConfidence": 40,
      "placeVisitType": "SINGLE_PLACE",
      "placeVisitImportance": "MAIN"
    }
  }]
}