{
  "timelineEdits": [{
    "deviceId": "0",
    "placeAggregates": {
      "placeAggregateInfo": [{
        "score": 31.0,
        "numBucketsWithLocation": 0,
        "bucketSpanDays": 0,
        "point": {
          "latE7": 267241514,
          "lngE7": -800796709
        },
        "placeId": "ChIJrb3uPwzW2IgR7dFQcTU5iNQ",
        "placePoint": {
          "latE7": 267237809,
          "lngE7": -800800932
        }
      }, {
        "score": 173.0,
        "numBucketsWithLocation": 0,
        "bucketSpanDays": 0,
        "point": {
          "latE7": 267853075,
          "lngE7": -800951922
        },
        "placeId": "ChIJ7xu7LXzV2IgRTcKWNNZhQXA",
        "placePoint": {
          "latE7": 267852829,
          "lngE7": -800951840
        }
      }, {
        "score": 30.0,
        "numBucketsWithLocation": 0,
        "bucketSpanDays": 0,
        "point": {
          "latE7": 267602022,
          "lngE7": -801046283
        },
        "placeId": "ChIJx8pHk3Mq2YgRbSCQBkC_BxU",
        "placePoint": {
          "latE7": 267605140,
          "lngE7": -801047384
        }
      }],
      "windowSizeHrs": 2016,
      "topRankedPlacesPlaceIds": ["ChIJ7xu7LXzV2IgRTcKWNNZhQXA", "ChIJrb3uPwzW2IgR7dFQcTU5iNQ", "ChIJx8pHk3Mq2YgRbSCQBkC_BxU"],
      "processWindow": {
        "startTime": "2023-12-14T08:00:55Z",
        "endTime": "2024-03-07T08:00:55Z"
      },
      "metadata": {
        "platform": "UNKNOWN"
      }
    }
  }, {
    "deviceId": "0",
    "placeAggregates": {
      "placeAggregateInfo": [{
        "score": 25.0,
        "numBucketsWithLocation": 0,
        "bucketSpanDays": 0,
        "point": {
          "latE7": 265892690,
          "lngE7": -801453851
        },
        "placeId": "ChIJsf_U2v0m2YgRH0hTvG3sgTI",
        "placePoint": {
          "latE7": 265890890,
          "lngE7": -801447689
        }
      }, {
        "score": 31.0,
        "numBucketsWithLocation": 0,
        "bucketSpanDays": 0,
        "point": {
          "latE7": 265874314,
          "lngE7": -801419492
        },
        "placeId": "ChIJfwQ9ZPwn2YgREuJ7c2I87Mc",
        "placePoint": {
          "latE7": 265876883,
          "lngE7": -801423538
        }
      }, {
        "score": 25.0,
        "numBucketsWithLocation": 0,
        "bucketSpanDays": 0,
        "point": {
          "latE7": 267235746,
          "lngE7": -800843209
        },
        "placeId": "ChIJdR2k5Q7W2IgRM4aRa326iFs",
        "placePoint": {
          "latE7": 267235821,
          "lngE7": -800836727
        }
      }],
      "windowSizeHrs": 2016,
      "topRankedPlacesPlaceIds": ["ChIJfwQ9ZPwn2YgREuJ7c2I87Mc", "ChIJsf_U2v0m2YgRH0hTvG3sgTI", "ChIJdR2k5Q7W2IgRM4aRa326iFs"],
      "processWindow": {
        "startTime": "2023-11-09T08:00:59Z",
        "endTime": "2024-02-01T08:00:59Z"
      },
      "metadata": {
        "platform": "UNKNOWN"
      }
    }
  }, {
    "deviceId": "0",
    "placeAggregates": {
      "placeAggregateInfo": [{
        "score": 25.0,
        "numBucketsWithLocation": 0,
        "bucketSpanDays": 0,
        "point": {
          "latE7": 265896440,
          "lngE7": -801454565
        },
        "placeId": "ChIJc_0egv4m2YgR9SALibisV0k",
        "placePoint": {
          "latE7": 265899816,
          "lngE7": -801460215
        }
      }, {
        "score": 35.0,
        "numBucketsWithLocation": 0,
        "bucketSpanDays": 0,
        "point": {
          "latE7": 265874154,
          "lngE7": -801421148
        },
        "placeId": "ChIJfwQ9ZPwn2YgREuJ7c2I87Mc",
        "placePoint": {
          "latE7": 265876883,
          "lngE7": -801423538
        }
      }, {
        "score": 29.0,
        "numBucketsWithLocation": 0,
        "bucketSpanDays": 0,
        "point": {
          "latE7": 267586321,
          "lngE7": -800911582
        },
        "placeId": "ChIJMV0yQ4zV2IgRUo61lbszb9Q",
        "placePoint": {
          "latE7": 267587784,
          "lngE7": -800910872
        }
      }],
      "windowSizeHrs": 2016,
      "topRankedPlacesPlaceIds": ["ChIJfwQ9ZPwn2YgREuJ7c2I87Mc", "ChIJMV0yQ4zV2IgRUo61lbszb9Q", "ChIJc_0egv4m2YgR9SALibisV0k"],
      "processWindow": {
        "startTime": "2023-11-08T08:01:55Z",
        "endTime": "2024-01-31T08:01:55Z"
      },
      "metadata": {
        "platform": "UNKNOWN"
      }
    }
  }, {
    "deviceId": "0",
    "placeAggregates": {
      "placeAggregateInfo": [{
        "score": 27.0,
        "numBucketsWithLocation": 0,
        "bucketSpanDays": 0,
        "point": {
          "latE7": 266204569,
          "lngE7": -800885968
        },
        "placeId": "ChIJ87Ni3g3Y2IgRkTRE4-j272E",
        "placePoint": {
          "latE7": 266205933,
          "lngE7": -800885991
        }
      }, {
        "score": 28.0,
        "numBucketsWithLocation": 0,
        "bucketSpanDays": 0,
        "point": {
          "latE7": 265893379,
          "lngE7": -801452800
        },
        "placeId": "ChIJsf_U2v0m2YgRH0hTvG3sgTI",
        "placePoint": {
          "latE7": 265890890,
          "lngE7": -801447689
        }
      }, {
        "score": 30.0,
        "numBucketsWithLocation": 0,
        "bucketSpanDays": 0,
        "point": {
          "latE7": 265874616,
          "lngE7": -801420935
        },
        "placeId": "ChIJfwQ9ZPwn2YgREuJ7c2I87Mc",
        "placePoint": {
          "latE7": 265876883,
          "lngE7": -801423538
        }
      }],
      "windowSizeHrs": 2016,
      "topRankedPlacesPlaceIds": ["ChIJfwQ9ZPwn2YgREuJ7c2I87Mc", "ChIJsf_U2v0m2YgRH0hTvG3sgTI", "ChIJ87Ni3g3Y2IgRkTRE4-j272E"],
      "processWindow": {
        "startTime": "2023-11-06T08:00:59Z",
        "endTime": "2024-01-29T08:00:59Z"
      },
      "metadata": {
        "platform": "UNKNOWN"
      }
    }
  }, {
    "deviceId": "0",
    "placeAggregates": {
      "placeAggregateInfo": [{
        "score": 27.0,
        "numBucketsWithLocation": 0,
        "bucketSpanDays": 0,
        "point": {
          "latE7": 266205059,
          "lngE7": -800886034
        },
        "placeId": "ChIJ87Ni3g3Y2IgRkTRE4-j272E",
        "placePoint": {
          "latE7": 266205933,
          "lngE7": -800885991
        }
      }, {
        "score": 34.0,
        "numBucketsWithLocation": 0,
        "bucketSpanDays": 0,
        "point": {
          "latE7": 265874331,
          "lngE7": -801421429
        },
        "placeId": "ChIJfwQ9ZPwn2YgREuJ7c2I87Mc",
        "placePoint": {
          "latE7": 265876883,
          "lngE7": -801423538
        }
      }, {
        "score": 30.0,
        "numBucketsWithLocation": 0,
        "bucketSpanDays": 0,
        "point": {
          "latE7": 267586591,
          "lngE7": -800908916
        },
        "placeId": "ChIJMV0yQ4zV2IgRUo61lbszb9Q",
        "placePoint": {
          "latE7": 267587784,
          "lngE7": -800910872
        }
      }],
      "windowSizeHrs": 2016,
      "topRankedPlacesPlaceIds": ["ChIJfwQ9ZPwn2YgREuJ7c2I87Mc", "ChIJMV0yQ4zV2IgRUo61lbszb9Q", "ChIJ87Ni3g3Y2IgRkTRE4-j272E"],
      "processWindow": {
        "startTime": "2023-11-04T08:01:34Z",
        "endTime": "2024-01-27T08:01:34Z"
      },
      "metadata": {
        "platform": "UNKNOWN"
      }
    }
  }, {
    "deviceId": "0",
    "placeAggregates": {
      "placeAggregateInfo": [{
        "score": 29.0,
        "numBucketsWithLocation": 0,
        "bucketSpanDays": 0,
        "point": {
          "latE7": 265874247,
          "lngE7": -801419997
        },
        "placeId": "ChIJfwQ9ZPwn2YgREuJ7c2I87Mc",
        "placePoint": {
          "latE7": 265876883,
          "lngE7": -801423538
        }
      }, {
        "score": 32.0,
        "numBucketsWithLocation": 0,
        "bucketSpanDays": 0,
        "point": {
          "latE7": 267240020,
          "lngE7": -800979091
        },
        "placeId": "ChIJz155fALW2IgR31ArEVBKjFw",
        "placePoint": {
          "latE7": 267239614,
          "lngE7": -800977083
        }
      }, {
        "score": 35.0,
        "numBucketsWithLocation": 0,
        "bucketSpanDays": 0,
        "point": {
          "latE7": 265894246,
          "lngE7": -801454203
        },
        "placeId": "ChIJsf_U2v0m2YgRH0hTvG3sgTI",
        "placePoint": {
          "latE7": 265890890,
          "lngE7": -801447689
        }
      }],
      "windowSizeHrs": 2016,
      "topRankedPlacesPlaceIds": ["ChIJsf_U2v0m2YgRH0hTvG3sgTI", "ChIJz155fALW2IgR31ArEVBKjFw", "ChIJfwQ9ZPwn2YgREuJ7c2I87Mc"],
      "processWindow": {
        "startTime": "2023-11-02T08:01:01Z",
        "endTime": "2024-01-25T08:01:01Z"
      },
      "metadata": {
        "platform": "UNKNOWN"
      }
    }
  }, {
    "deviceId": "0",
    "placeAggregates": {
      "placeAggregateInfo": [{
        "score": 29.0,
        "numBucketsWithLocation": 0,
        "bucketSpanDays": 0,
        "point": {
          "latE7": 265874574,
          "lngE7": -801419683
        },
        "placeId": "ChIJfwQ9ZPwn2YgREuJ7c2I87Mc",
        "placePoint": {
          "latE7": 265876883,
          "lngE7": -801423538
        }
      }, {
        "score": 54.0,
        "numBucketsWithLocation": 0,
        "bucketSpanDays": 0,
        "point": {
          "latE7": 267235781,
          "lngE7": -800842487
        },
        "placeId": "ChIJdR2k5Q7W2IgRM4aRa326iFs",
        "placePoint": {
          "latE7": 267235821,
          "lngE7": -800836727
        }
      }, {
        "score": 108.0,
        "numBucketsWithLocation": 0,
        "bucketSpanDays": 0,
        "point": {
          "latE7": 267239350,
          "lngE7": -800979640
        },
        "placeId": "ChIJz155fALW2IgR31ArEVBKjFw",
        "placePoint": {
          "latE7": 267239614,
          "lngE7": -800977083
        }
      }],
      "windowSizeHrs": 2016,
      "topRankedPlacesPlaceIds": ["ChIJz155fALW2IgR31ArEVBKjFw", "ChIJdR2k5Q7W2IgRM4aRa326iFs", "ChIJfwQ9ZPwn2YgREuJ7c2I87Mc"],
      "processWindow": {
        "startTime": "2023-10-19T08:01:00Z",
        "endTime": "2024-01-11T08:01:00Z"
      },
      "metadata": {
        "platform": "UNKNOWN"
      }
    }
  }, {
    "deviceId": "0",
    "placeAggregates": {
      "placeAggregateInfo": [{
        "score": 53.0,
        "numBucketsWithLocation": 0,
        "bucketSpanDays": 0,
        "point": {
          "latE7": 267235567,
          "lngE7": -800841824
        },
        "placeId": "ChIJdR2k5Q7W2IgRM4aRa326iFs",
        "placePoint": {
          "latE7": 267235821,
          "lngE7": -800836727
        }
      }, {
        "score": 124.0,
        "numBucketsWithLocation": 0,
        "bucketSpanDays": 0,
        "point": {
          "latE7": 267239324,
          "lngE7": -800979620
        },
        "placeId": "ChIJz155fALW2IgR31ArEVBKjFw",
        "placePoint": {
          "latE7": 267239614,
          "lngE7": -800977083
        }
      }, {
        "score": 34.0,
        "numBucketsWithLocation": 0,
        "bucketSpanDays": 0,
        "point": {
          "latE7": 265874413,
          "lngE7": -801420822
        },
        "placeId": "ChIJfwQ9ZPwn2YgREuJ7c2I87Mc",
        "placePoint": {
          "latE7": 265876883,
          "lngE7": -801423538
        }
      }],
      "windowSizeHrs": 2016,
      "topRankedPlacesPlaceIds": ["ChIJz155fALW2IgR31ArEVBKjFw", "ChIJdR2k5Q7W2IgRM4aRa326iFs", "ChIJfwQ9ZPwn2YgREuJ7c2I87Mc"],
      "processWindow": {
        "startTime": "2023-10-17T08:01:02Z",
        "endTime": "2024-01-09T08:01:02Z"
      },
      "metadata": {
        "platform": "UNKNOWN"
      }
    }
  }, {
    "deviceId": "0",
    "placeAggregates": {
      "placeAggregateInfo": [{
        "score": 161.0,
        "numBucketsWithLocation": 0,
        "bucketSpanDays": 0,
        "point": {
          "latE7": 267239414,
          "lngE7": -800979537
        },
        "placeId": "ChIJz155fALW2IgR31ArEVBKjFw",
        "placePoint": {
          "latE7": 267239614,
          "lngE7": -800977083
        }
      }, {
        "score": 30.0,
        "numBucketsWithLocation": 0,
        "bucketSpanDays": 0,
        "point": {
          "latE7": 266204331,
          "lngE7": -800885866
        },
        "placeId": "ChIJ87Ni3g3Y2IgRkTRE4-j272E",
        "placePoint": {
          "latE7": 266205933,
          "lngE7": -800885991
        }
      }, {
        "score": 62.0,
        "numBucketsWithLocation": 0,
        "bucketSpanDays": 0,
        "point": {
          "latE7": 267237179,
          "lngE7": -800842894
        },
        "placeId": "ChIJdR2k5Q7W2IgRM4aRa326iFs",
        "placePoint": {
          "latE7": 267235821,
          "lngE7": -800836727
        }
      }],
      "windowSizeHrs": 2016,
      "topRankedPlacesPlaceIds": ["ChIJz155fALW2IgR31ArEVBKjFw", "ChIJdR2k5Q7W2IgRM4aRa326iFs", "ChIJ87Ni3g3Y2IgRkTRE4-j272E"],
      "processWindow": {
        "startTime": "2023-10-15T08:01:03Z",
        "endTime": "2024-01-07T08:01:03Z"
      },
      "metadata": {
        "platform": "UNKNOWN"
      }
    }
  }, {
    "deviceId": "0",
    "placeAggregates": {
      "placeAggregateInfo": [{
        "score": 47.0,
        "numBucketsWithLocation": 0,
        "bucketSpanDays": 0,
        "point": {
          "latE7": 267235181,
          "lngE7": -800842195
        },
        "placeId": "ChIJdR2k5Q7W2IgRM4aRa326iFs",
        "placePoint": {
          "latE7": 267235821,
          "lngE7": -800836727
        }
      }, {
        "score": 184.0,
        "numBucketsWithLocation": 0,
        "bucketSpanDays": 0,
        "point": {
          "latE7": 267239447,
          "lngE7": -800979518
        },
        "placeId": "ChIJz155fALW2IgR31ArEVBKjFw",
        "placePoint": {
          "latE7": 267239614,
          "lngE7": -800977083
        }
      }, {
        "score": 28.0,
        "numBucketsWithLocation": 0,
        "bucketSpanDays": 0,
        "point": {
          "latE7": 266204742,
          "lngE7": -800886188
        },
        "placeId": "ChIJ87Ni3g3Y2IgRkTRE4-j272E",
        "placePoint": {
          "latE7": 266205933,
          "lngE7": -800885991
        }
      }],
      "windowSizeHrs": 2016,
      "topRankedPlacesPlaceIds": ["ChIJz155fALW2IgR31ArEVBKjFw", "ChIJdR2k5Q7W2IgRM4aRa326iFs", "ChIJ87Ni3g3Y2IgRkTRE4-j272E"],
      "processWindow": {
        "startTime": "2023-10-13T08:01:02Z",
        "endTime": "2024-01-05T08:01:02Z"
      },
      "metadata": {
        "platform": "UNKNOWN"
      }
    }
  }, {
    "deviceId": "0",
    "placeAggregates": {
      "placeAggregateInfo": [{
        "score": 27.0,
        "numBucketsWithLocation": 0,
        "bucketSpanDays": 0,
        "point": {
          "latE7": 267244848,
          "lngE7": -800839190
        },
        "placeId": "ChIJFfxSzg7W2IgRlR0ksbCUFus",
        "placePoint": {
          "latE7": 267250044,
          "lngE7": -800834178
        }
      }, {
        "score": 257.0,
        "numBucketsWithLocation": 0,
        "bucketSpanDays": 0,
        "point": {
          "latE7": 267238983,
          "lngE7": -800979362
        },
        "placeId": "ChIJz155fALW2IgR31ArEVBKjFw",
        "placePoint": {
          "latE7": 267239614,
          "lngE7": -800977083
        }
      }, {
        "score": 39.0,
        "numBucketsWithLocation": 0,
        "bucketSpanDays": 0,
        "point": {
          "latE7": 267233615,
          "lngE7": -800844041
        },
        "placeId": "ChIJAx6WBQ_W2IgR2RrlRdlUzXo",
        "placePoint": {
          "latE7": 267232032,
          "lngE7": -800848334
        }
      }],
      "windowSizeHrs": 2016,
      "topRankedPlacesPlaceIds": ["ChIJz155fALW2IgR31ArEVBKjFw", "ChIJAx6WBQ_W2IgR2RrlRdlUzXo", "ChIJFfxSzg7W2IgRlR0ksbCUFus"],
      "processWindow": {
        "startTime": "2023-10-08T08:01:05Z",
        "endTime": "2023-12-31T08:01:05Z"
      },
      "metadata": {
        "platform": "UNKNOWN"
      }
    }
  }, {
    "deviceId": "0",
    "placeAggregates": {
      "placeAggregateInfo": [{
        "score": 294.0,
        "numBucketsWithLocation": 0,
        "bucketSpanDays": 0,
        "point": {
          "latE7": 267238878,
          "lngE7": -800979369
        },
        "placeId": "ChIJz155fALW2IgR31ArEVBKjFw",
        "placePoint": {
          "latE7": 267239614,
          "lngE7": -800977083
        }
      }, {
        "score": 23.0,
        "numBucketsWithLocation": 0,
        "bucketSpanDays": 0,
        "point": {
          "latE7": 267245787,
          "lngE7": -800834720
        },
        "placeId": "ChIJFfxSzg7W2IgRlR0ksbCUFus",
        "placePoint": {
          "latE7": 267250044,
          "lngE7": -800834178
        }
      }, {
        "score": 45.0,
        "numBucketsWithLocation": 0,
        "bucketSpanDays": 0,
        "point": {
          "latE7": 267235157,
          "lngE7": -800842733
        },
        "placeId": "ChIJdR2k5Q7W2IgRM4aRa326iFs",
        "placePoint": {
          "latE7": 267235821,
          "lngE7": -800836727
        }
      }],
      "windowSizeHrs": 2016,
      "topRankedPlacesPlaceIds": ["ChIJz155fALW2IgR31ArEVBKjFw", "ChIJdR2k5Q7W2IgRM4aRa326iFs", "ChIJFfxSzg7W2IgRlR0ksbCUFus"],
      "processWindow": {
        "startTime": "2023-09-30T08:01:17Z",
        "endTime": "2023-12-23T08:01:17Z"
      },
      "metadata": {
        "platform": "UNKNOWN"
      }
    }
  }, {
    "deviceId": "0",
    "placeAggregates": {
      "placeAggregateInfo": [{
        "score": 17.0,
        "numBucketsWithLocation": 0,
        "bucketSpanDays": 0,
        "point": {
          "latE7": 267263734,
          "lngE7": -800839585
        },
        "placeId": "ChIJIdhOJgnW2IgRaStgNhhb7YA",
        "placePoint": {
          "latE7": 267263600,
          "lngE7": -800840154
        }
      }, {
        "score": 292.0,
        "numBucketsWithLocation": 0,
        "bucketSpanDays": 0,
        "point": {
          "latE7": 267238960,
          "lngE7": -800979410
        },
        "placeId": "ChIJz155fALW2IgR31ArEVBKjFw",
        "placePoint": {
          "latE7": 267239614,
          "lngE7": -800977083
        }
      }, {
        "score": 66.0,
        "numBucketsWithLocation": 0,
        "bucketSpanDays": 0,
        "point": {
          "latE7": 267238434,
          "lngE7": -800840868
        },
        "placeId": "ChIJdR2k5Q7W2IgRM4aRa326iFs",
        "placePoint": {
          "latE7": 267235821,
          "lngE7": -800836727
        }
      }],
      "windowSizeHrs": 2016,
      "topRankedPlacesPlaceIds": ["ChIJz155fALW2IgR31ArEVBKjFw", "ChIJdR2k5Q7W2IgRM4aRa326iFs", "ChIJIdhOJgnW2IgRaStgNhhb7YA"],
      "processWindow": {
        "startTime": "2023-09-20T08:01:15Z",
        "endTime": "2023-12-13T08:01:15Z"
      },
      "metadata": {
        "platform": "UNKNOWN"
      }
    }
  }, {
    "deviceId": "0",
    "placeAggregates": {
      "placeAggregateInfo": [{
        "score": 22.0,
        "numBucketsWithLocation": 0,
        "bucketSpanDays": 0,
        "point": {
          "latE7": 267263893,
          "lngE7": -800839253
        },
        "placeId": "ChIJ3T8lJgnW2IgR25hIpAWcJzU",
        "placePoint": {
          "latE7": 267264332,
          "lngE7": -800839694
        }
      }, {
        "score": 52.0,
        "numBucketsWithLocation": 0,
        "bucketSpanDays": 0,
        "point": {
          "latE7": 267235027,
          "lngE7": -800842908
        },
        "placeId": "ChIJdR2k5Q7W2IgRM4aRa326iFs",
        "placePoint": {
          "latE7": 267235821,
          "lngE7": -800836727
        }
      }, {
        "score": 301.0,
        "numBucketsWithLocation": 0,
        "bucketSpanDays": 0,
        "point": {
          "latE7": 267238857,
          "lngE7": -800979394
        },
        "placeId": "ChIJz155fALW2IgR31ArEVBKjFw",
        "placePoint": {
          "latE7": 267239614,
          "lngE7": -800977083
        }
      }],
      "windowSizeHrs": 2016,
      "topRankedPlacesPlaceIds": ["ChIJz155fALW2IgR31ArEVBKjFw", "ChIJdR2k5Q7W2IgRM4aRa326iFs", "ChIJ3T8lJgnW2IgR25hIpAWcJzU"],
      "processWindow": {
        "startTime": "2023-09-18T08:01:10Z",
        "endTime": "2023-12-11T08:01:10Z"
      },
      "metadata": {
        "platform": "UNKNOWN"
      }
    }
  }]
}