{
  "timelineObjects": [{
    "activitySegment": {
      "startLocation": {
        "latitudeE7": 426870062,
        "longitudeE7": -711264393,
        "sourceInfo": {
          "deviceTag": 939353221
        }
      },
      "endLocation": {
        "latitudeE7": 426861135,
        "longitudeE7": -711264115,
        "sourceInfo": {
          "deviceTag": 939353221
        }
      },
      "duration": {
        "startTimestamp": "2020-08-17T17:48:21.931Z",
        "endTimestamp": "2020-08-17T21:27:29Z"
      },
      "distance": 44809,
      "activityType": "IN_PASSENGER_VEHICLE",
      "confidence": "HIGH",
      "activities": [{
        "activityType": "IN_PASSENGER_VEHICLE",
        "probability": 82.76141285896301
      }, {
        "activityType": "STILL",
        "probability": 14.436613023281097
      }, {
        "activityType": "WALKING",
        "probability": 1.7962705343961716
      }, {
        "activityType": "IN_FERRY",
        "probability": 0.3059045411646366
      }, {
        "activityType": "IN_BUS",
        "probability": 0.1544614671729505
      }, {
        "activityType": "FLYING",
        "probability": 0.14504686696454883
      }, {
        "activityType": "RUNNING",
        "probability": 0.12736176140606403
      }, {
        "activityType": "CYCLING",
        "probability": 0.12098801089450717
      }, {
        "activityType": "MOTORCYCLING",
        "probability": 0.11114119552075863
      }, {
        "activityType": "SKIING",
        "probability": 0.015312939649447799
      }, {
        "activityType": "SAILING",
        "probability": 0.013053143629804254
      }, {
        "activityType": "IN_TRAIN",
        "probability": 0.008844731200952083
      }, {
        "activityType": "IN_TRAM",
        "probability": 0.0030473662263830192
      }, {
        "activityType": "IN_SUBWAY",
        "probability": 4.801443537871819E-4
      }, {
        "activityType": "IN_VEHICLE",
        "probability": 5.495773507391277E-5
      }],
      "waypointPath": {
        "waypoints": [{
          "latE7": 426872138,
          "lngE7": -711264953
        }, {
          "latE7": 425243263,
          "lngE7": -711355133
        }, {
          "latE7": 425099182,
          "lngE7": -711989898
        }, {
          "latE7": 425146293,
          "lngE7": -712042999
        }, {
          "latE7": 425448760,
          "lngE7": -711748275
        }, {
          "latE7": 425581359,
          "lngE7": -711639480
        }, {
          "latE7": 425585174,
          "lngE7": -711636428
        }, {
          "latE7": 425595512,
          "lngE7": -711684722
        }, {
          "latE7": 425645256,
          "lngE7": -711738204
        }, {
          "latE7": 425672950,
          "lngE7": -711832656
        }, {
          "latE7": 425686721,
          "lngE7": -711823883
        }, {
          "latE7": 425762443,
          "lngE7": -711581497
        }, {
          "latE7": 426365928,
          "lngE7": -711153335
        }, {
          "latE7": 426683082,
          "lngE7": -711190567
        }, {
          "latE7": 426861076,
          "lngE7": -711264038
        }],
        "source": "INFERRED",
        "roadSegment": [{
          "placeId": "ChIJfyzJtEAG44kRXG2_7MS-MOU",
          "duration": "62s"
        }, {
          "placeId": "ChIJ61sVw0AG44kR7ImbFitCsf4",
          "duration": "51s"
        }, {
          "placeId": "ChIJQ_DyAkEG44kRcVPnDtmOP5M",
          "duration": "106s"
        }, {
          "placeId": "ChIJ3aSCr0EG44kR_JDDJ8ii27A",
          "duration": "7s"
        }, {
          "placeId": "ChIJP9qDp0EG44kR0tY8Tk2E27k",
          "duration": "19s"
        }, {
          "placeId": "ChIJr0_SDUEG44kRIewYVEi45zY",
          "duration": "7s"
        }, {
          "placeId": "ChIJ0RRkE0EG44kRnZ1inqo9Kvs",
          "duration": "15s"
        }, {
          "placeId": "ChIJIUkVQEEG44kR864HUiUY-5Y",
          "duration": "7s"
        }, {
          "placeId": "ChIJpWFhRkEG44kR52UkuGm0Rvo",
          "duration": "15s"
        }, {
          "placeId": "ChIJw0GOTkEG44kR8mJRZkAvBZ4",
          "duration": "7s"
        }, {
          "placeId": "ChIJYVBCTUEG44kRLiOGlUO8eEs",
          "duration": "7s"
        }, {
          "placeId": "ChIJ49j2rkYG44kR_P778Mof4T4",
          "duration": "19s"
        }, {
          "placeId": "ChIJH1wboUYG44kRPUC887Zx_6Q",
          "duration": "15s"
        }, {
          "placeId": "ChIJJdZTKUQG44kRzSZSQoVyeE0",
          "duration": "47s"
        }, {
          "placeId": "ChIJZ8jBw0UG44kRT0L8K4Dy8cM",
          "duration": "19s"
        }, {
          "placeId": "ChIJZ8jBw0UG44kRv2YmFg-E2HU",
          "duration": "11s"
        }, {
          "placeId": "ChIJydWM7EUG44kRcT1EGMWOn6Y",
          "duration": "0s"
        }, {
          "placeId": "ChIJlaxni0UG44kRaYQm20b2lLo",
          "duration": "3s"
        }, {
          "placeId": "ChIJlaxni0UG44kRPPfjYaZ-n00",
          "duration": "19s"
        }, {
          "placeId": "ChIJ6780ZE8G44kRVDP6aB_XrNA",
          "duration": "15s"
        }, {
          "placeId": "ChIJb65Pbk8G44kR3KdDoQQNg48",
          "duration": "3s"
        }, {
          "placeId": "ChIJRXizck8G44kRSm9x0BcDFFA",
          "duration": "27s"
        }, {
          "placeId": "ChIJp79RD08G44kR1aQIGc7yAps",
          "duration": "27s"
        }, {
          "placeId": "ChIJA1o_AE8G44kR9F1Y50sp7s4",
          "duration": "27s"
        }, {
          "placeId": "ChIJyQ6uV04G44kRlEzNOB0S48Y",
          "duration": "19s"
        }, {
          "placeId": "ChIJD2-sXk4G44kRzkDV885fYYg",
          "duration": "11s"
        }, {
          "placeId": "ChIJh_1jZ04G44kRRyW3psyoj0I",
          "duration": "3s"
        }, {
          "placeId": "ChIJGzGQZU4G44kRGp0cVWswIhE",
          "duration": "15s"
        }, {
          "placeId": "ChIJGzGQZU4G44kRqQsfYR1YPyE",
          "duration": "3s"
        }, {
          "placeId": "ChIJka76dk4G44kRb0wgJuaBBk8",
          "duration": "15s"
        }, {
          "placeId": "ChIJWTlP3E0G44kRv71kX3s9qlA",
          "duration": "15s"
        }, {
          "placeId": "ChIJb9lo6k0G44kR0Mo952m8mzU",
          "duration": "15s"
        }, {
          "placeId": "ChIJNcrkk00G44kRWxDSSMTZAAc",
          "duration": "0s"
        }, {
          "placeId": "ChIJK8-ykU0G44kRAXk8T_btVXc",
          "duration": "7s"
        }, {
          "placeId": "ChIJK8-ykU0G44kRzQJ92r3uhgI",
          "duration": "3s"
        }, {
          "placeId": "ChIJf0LUYE0G44kRC7GIdtFMg1E",
          "duration": "11s"
        }, {
          "placeId": "ChIJIZb-ak0G44kR6OzSlmi7u6E",
          "duration": "43s"
        }, {
          "placeId": "ChIJ2RW_tMwH44kR4O8Zsr0eJZY",
          "duration": "3s"
        }, {
          "placeId": "ChIJJR9LHNIH44kRV0CeNRdkjI4",
          "duration": "3s"
        }, {
          "placeId": "ChIJJR9LHNIH44kRPzNDkM2iLCQ",
          "duration": "11s"
        }, {
          "placeId": "ChIJgeBuENoH44kRFuVmNssBOow",
          "duration": "11s"
        }, {
          "placeId": "ChIJf0Ra1uEH44kROMsbLunH8jg",
          "duration": "7s"
        }, {
          "placeId": "ChIJQyZ3CQYI44kR3ynyfp9_UPk",
          "duration": "3s"
        }, {
          "placeId": "ChIJXdEqzPWn44kREVag9pBpRHM",
          "duration": "3s"
        }, {
          "placeId": "ChIJJ74EpS4I44kRettPTejW9Xo",
          "duration": "7s"
        }, {
          "placeId": "ChIJ87cujcQJ44kRl-fbJXG5tw8",
          "duration": "3s"
        }, {
          "placeId": "ChIJMfA7j8QJ44kRmbDW4aT7zQ0",
          "duration": "7s"
        }, {
          "placeId": "ChIJnVnHSgcL44kRtzBkPQfER8E",
          "duration": "11s"
        }, {
          "placeId": "ChIJK88EMBoL44kRN4ehk42xYVQ",
          "duration": "7s"
        }, {
          "placeId": "ChIJP3zzecx044kRawVINvsIxP4",
          "duration": "129s"
        }, {
          "placeId": "ChIJSYNUHch044kR4fJx0aMeqXw",
          "duration": "39s"
        }, {
          "placeId": "ChIJlTcW_cZ044kRqX63nyggmgY",
          "duration": "15s"
        }, {
          "placeId": "ChIJN6ebGMR044kRiZcD5iaXWH4",
          "duration": "3s"
        }, {
          "placeId": "ChIJ1-j0FMR044kRybZtDntaZ2Q",
          "duration": "11s"
        }, {
          "placeId": "ChIJD1LqVcN044kRFirO2A-lO_s",
          "duration": "15s"
        }, {
          "placeId": "ChIJ0607Wh9144kRkCRcfsbsefw",
          "duration": "3s"
        }, {
          "placeId": "ChIJX4jkM35144kRf8dzbWcYLA0",
          "duration": "31s"
        }, {
          "placeId": "ChIJ9SBdKn5144kRaVJ1OA1RYKQ",
          "duration": "15s"
        }, {
          "placeId": "ChIJC7G_gdWf44kRLxA5NCGHn2Q",
          "duration": "3s"
        }, {
          "placeId": "ChIJ4ReQgtWf44kRUxRMCe2pBR0",
          "duration": "11s"
        }, {
          "placeId": "ChIJMfKLnNWf44kR4iNo8-nLxL4",
          "duration": "7s"
        }, {
          "placeId": "ChIJ5znomdWf44kRvotT9QxqXgA",
          "duration": "27s"
        }, {
          "placeId": "ChIJhaUEltWf44kRndTzgW-d8go",
          "duration": "3s"
        }, {
          "placeId": "ChIJvXEjvtWf44kRwJXLjxKFs8I",
          "duration": "3s"
        }, {
          "placeId": "ChIJJRZawNWf44kRuZjRlBr50Yg",
          "duration": "7s"
        }, {
          "placeId": "ChIJJRZawNWf44kR6beDKgkDGC4",
          "duration": "7s"
        }, {
          "placeId": "ChIJU-Buw9Wf44kR7KkRpCda_KM",
          "duration": "7s"
        }, {
          "placeId": "ChIJnSiY29Wf44kRii3XdoSWxuI",
          "duration": "7s"
        }, {
          "placeId": "ChIJy2rfd9af44kR5_mtGsY8yV8",
          "duration": "15s"
        }, {
          "placeId": "ChIJTRHxT9af44kRnOo_RSx0H1o",
          "duration": "15s"
        }, {
          "placeId": "ChIJ9ZUHTdaf44kRagIFnreMlxI",
          "duration": "7s"
        }, {
          "placeId": "ChIJI2Ygs9ef44kRSNIl27ratA8",
          "duration": "3s"
        }, {
          "placeId": "ChIJEVq1t9ef44kR6Fjl91myn8A",
          "duration": "7s"
        }, {
          "placeId": "ChIJEVq1t9ef44kRB8KguaxT6fY",
          "duration": "3s"
        }, {
          "placeId": "ChIJzwfZu9ef44kRmV3E14Rp3yU",
          "duration": "11s"
        }, {
          "placeId": "ChIJD78avtef44kRtUAbKbeT7Bc",
          "duration": "0s"
        }, {
          "placeId": "ChIJD78avtef44kRAqPiZ4pT-nw",
          "duration": "7s"
        }, {
          "placeId": "ChIJayzxldef44kR4sDwDd79sH0",
          "duration": "0s"
        }, {
          "placeId": "ChIJp22cjdef44kRfM3utJPvhuc",
          "duration": "23s"
        }, {
          "placeId": "ChIJ-XwGIdif44kRKv9hpXYKoSs",
          "duration": "19s"
        }, {
          "placeId": "ChIJ9Z25PNif44kREpL8HHZqsag",
          "duration": "7s"
        }, {
          "placeId": "ChIJ1Vf4O9if44kRIt6aop_dWjk",
          "duration": "3s"
        }, {
          "placeId": "ChIJTShCRtif44kRmnFdzVPyMPA",
          "duration": "27s"
        }, {
          "placeId": "ChIJS7tYUNif44kRlBAlyOXDtYg",
          "duration": "3s"
        }, {
          "placeId": "ChIJB_zWUNif44kRvmx7LHvWQlc",
          "duration": "0s"
        }, {
          "placeId": "ChIJh4QbVNif44kRAMpW4_yS63s",
          "duration": "0s"
        }, {
          "placeId": "ChIJh4QbVNif44kRJqr1wmTgm8s",
          "duration": "3s"
        }, {
          "placeId": "ChIJgQJW_9if44kRW2XtmgpCgcU",
          "duration": "11s"
        }, {
          "placeId": "ChIJZTMPINmf44kRMNso_mCUTBc",
          "duration": "35s"
        }, {
          "placeId": "ChIJZTMPINmf44kRw3zThwSoUjQ",
          "duration": "3s"
        }, {
          "placeId": "ChIJU4-TK9mf44kRXap3Wa7aNeY",
          "duration": "11s"
        }, {
          "placeId": "ChIJWYBO0d6f44kRobAL-Yjcz0I",
          "duration": "31s"
        }, {
          "placeId": "ChIJcfNz3N6f44kRt9ob9rWF48o",
          "duration": "23s"
        }, {
          "placeId": "ChIJQaIZ596f44kRHbK4091821I",
          "duration": "19s"
        }, {
          "placeId": "ChIJ11Z5-96f44kRj1JbDV3ygvY",
          "duration": "35s"
        }, {
          "placeId": "ChIJNdhyVt6f44kRix70FB--lWQ",
          "duration": "3s"
        }, {
          "placeId": "ChIJNdhyVt6f44kRZ7tIfccYR8E",
          "duration": "3s"
        }, {
          "placeId": "ChIJD6HbUN6f44kRGtOuBwSqhhE",
          "duration": "19s"
        }, {
          "placeId": "ChIJLyMmRN6f44kRCJCpzvxE0Vo",
          "duration": "11s"
        }, {
          "placeId": "ChIJcSHYAt6f44kRZDqxeXQBRdI",
          "duration": "11s"
        }, {
          "placeId": "ChIJ__F5q-Cf44kRHEkFHTW2axk",
          "duration": "15s"
        }, {
          "placeId": "ChIJ1bFnUuef44kRx6Ui8ODBYzE",
          "duration": "3s"
        }, {
          "placeId": "ChIJ164IUuef44kRjXL3LlRHSZM",
          "duration": "3s"
        }, {
          "placeId": "ChIJ_ZYSTuef44kRcfdPXbHPh7Q",
          "duration": "3s"
        }, {
          "placeId": "ChIJ6_WrT-ef44kRwacYZq1eBDg",
          "duration": "7s"
        }, {
          "placeId": "ChIJEaxkT-ef44kRf2Wy5m7w27E",
          "duration": "3s"
        }, {
          "placeId": "ChIJOca1Ruef44kRbGFV7jtaegU",
          "duration": "11s"
        }, {
          "placeId": "ChIJr1RuQeef44kRzEWZbDdSJaQ",
          "duration": "15s"
        }, {
          "placeId": "ChIJ-cTQQeef44kRt8d9swvIlQA",
          "duration": "7s"
        }, {
          "placeId": "ChIJA9-lbOef44kRFH4xNn-jztw",
          "duration": "27s"
        }, {
          "placeId": "ChIJAWvUEuef44kRWFvv8dWIh7k",
          "duration": "3s"
        }, {
          "placeId": "ChIJnREhDOef44kRAjenLJv36eA",
          "duration": "27s"
        }, {
          "placeId": "ChIJnREhDOef44kRcugbNfI6U28",
          "duration": "19s"
        }, {
          "placeId": "ChIJ9Zb9p-ef44kRAoVWIOrcA2U",
          "duration": "11s"
        }, {
          "placeId": "ChIJp8YFqeef44kR8MI5ShpJgEo",
          "duration": "7s"
        }, {
          "placeId": "ChIJT5tTqeef44kRFvQ0q_Ztubo",
          "duration": "0s"
        }, {
          "placeId": "ChIJ2TjbrOef44kRuqm2sopTqZs",
          "duration": "23s"
        }, {
          "placeId": "ChIJh3QeTuaf44kRQ3i7l47RARo",
          "duration": "19s"
        }, {
          "placeId": "ChIJ-Q64Ruaf44kRiHFP81w_cj8",
          "duration": "7s"
        }, {
          "placeId": "ChIJ-Q64Ruaf44kRo79i2oz3N1Q",
          "duration": "15s"
        }, {
          "placeId": "ChIJAyB8EOaf44kROHNXLan284g",
          "duration": "15s"
        }, {
          "placeId": "ChIJJ_l8quif44kRwiO6AAQqXxY",
          "duration": "3s"
        }, {
          "placeId": "ChIJLdMTq-if44kRAdf5-GcVi1c",
          "duration": "3s"
        }, {
          "placeId": "ChIJtZk0reif44kRNtqNictFKpk",
          "duration": "11s"
        }, {
          "placeId": "ChIJAYOdS--f44kR2tyKZ0wyYtw",
          "duration": "15s"
        }, {
          "placeId": "ChIJU1jRNe-f44kRyDXAiPDcIUQ",
          "duration": "7s"
        }, {
          "placeId": "ChIJwSlEMe-f44kR-olsjCuWWPo",
          "duration": "3s"
        }, {
          "placeId": "ChIJU80mMO-f44kRXMzxRdeV9jI",
          "duration": "7s"
        }, {
          "placeId": "ChIJU80mMO-f44kRFgSXdzoPBCY",
          "duration": "3s"
        }, {
          "placeId": "ChIJc87fL--f44kRoJJQAlcf-z4",
          "duration": "0s"
        }, {
          "placeId": "ChIJg7Gl8u6f44kRIuVjPrmt2aM",
          "duration": "55s"
        }, {
          "placeId": "ChIJg7Gl8u6f44kRg0QpPCXEC3Q",
          "duration": "11s"
        }, {
          "placeId": "ChIJDQ2Pfu6f44kRx-TYf0I6HO4",
          "duration": "19s"
        }, {
          "placeId": "ChIJRQLPdu6f44kRAaiDbx7rTJM",
          "duration": "39s"
        }, {
          "placeId": "ChIJz__86PGf44kR6BVuPkPkX4Y",
          "duration": "102s"
        }, {
          "placeId": "ChIJjegWFvGf44kRia8TlbOWOmg",
          "duration": "51s"
        }, {
          "placeId": "ChIJ83Ao2_af44kRG2nqwU2IgS4",
          "duration": "7s"
        }, {
          "placeId": "ChIJ83Ao2_af44kR9LiXnEoraqk",
          "duration": "39s"
        }, {
          "placeId": "ChIJ8a_G__af44kRAJJnYLDPyFM",
          "duration": "27s"
        }, {
          "placeId": "ChIJBWrMtvef44kRxnfkAfx0yTY",
          "duration": "23s"
        }, {
          "placeId": "ChIJlw1_2_ef44kRJKl-NMtlyq0",
          "duration": "31s"
        }, {
          "placeId": "ChIJ05jBXR2g44kRXT6hu5VycyY",
          "duration": "11s"
        }, {
          "placeId": "ChIJGyyjRh2g44kR7bYH01woiko",
          "duration": "15s"
        }, {
          "placeId": "ChIJCaDZOR2g44kRUczkkroWzk8",
          "duration": "3s"
        }, {
          "placeId": "ChIJWRfiKx2g44kRtis6FTPIr2o",
          "duration": "31s"
        }, {
          "placeId": "ChIJO_AcNgOg44kRxZqz7bEHEYQ",
          "duration": "43s"
        }, {
          "placeId": "ChIJ0ZZRpwSg44kR6CqCmc6nJm4",
          "duration": "23s"
        }, {
          "placeId": "ChIJ0xw8vgSg44kRoOVtI2m7-D4",
          "duration": "27s"
        }, {
          "placeId": "ChIJxa8V6ASg44kRa_xLK8A0cY4",
          "duration": "11s"
        }, {
          "placeId": "ChIJcUefHwWg44kRbouatrYV-XQ",
          "duration": "31s"
        }, {
          "placeId": "ChIJ2yJ7FgWg44kRc7nkqLHmyPM",
          "duration": "3s"
        }, {
          "placeId": "ChIJkzp3cAWg44kRCRThP0awgfc",
          "duration": "47s"
        }, {
          "placeId": "ChIJ8wSpcA-g44kRhOZFeMz2MEc",
          "duration": "27s"
        }, {
          "placeId": "ChIJ_cbfEg-g44kRrrRuad8oqvA",
          "duration": "15s"
        }, {
          "placeId": "ChIJu-69Fw-g44kRe86jATo5gQs",
          "duration": "19s"
        }, {
          "placeId": "ChIJiyrJJQ-g44kR3iU0V08GM3Y",
          "duration": "19s"
        }, {
          "placeId": "ChIJh1frLA-g44kRvhSUu79tEhg",
          "duration": "15s"
        }, {
          "placeId": "ChIJf8Ko3Qig44kRi3ZBPLrcnzE",
          "duration": "51s"
        }, {
          "placeId": "ChIJ90XLrAmg44kRbp27IHdAFaw",
          "duration": "43s"
        }, {
          "placeId": "ChIJiWsExQmg44kRLIaCtPvoQHs",
          "duration": "27s"
        }, {
          "placeId": "ChIJKxWrSKcK44kRlvwKbXi2X3Y",
          "duration": "62s"
        }, {
          "placeId": "ChIJtY3AKKEK44kRmbq4wGSbhDQ",
          "duration": "31s"
        }, {
          "placeId": "ChIJ5ZzQFaEK44kRFvulnonChQg",
          "duration": "15s"
        }, {
          "placeId": "ChIJCfpDcqEK44kRjlEymaLRPH0",
          "duration": "15s"
        }, {
          "placeId": "ChIJHyTYgKEK44kRMASMadbSc8I",
          "duration": "35s"
        }, {
          "placeId": "ChIJOwziOqIK44kR_d4ZYR6pnL4",
          "duration": "19s"
        }, {
          "placeId": "ChIJOwziOqIK44kRXAjozjXhZNk",
          "duration": "3s"
        }, {
          "placeId": "ChIJVzNrR6IK44kRGaYZRQbH78k",
          "duration": "3s"
        }, {
          "placeId": "ChIJVzNrR6IK44kR09HidhEp-8k",
          "duration": "3s"
        }, {
          "placeId": "ChIJIxvcRqIK44kR1-Uh2nKRDQI",
          "duration": "3s"
        }, {
          "placeId": "ChIJ_WfMWKIK44kRxc5ZRs-eFRc",
          "duration": "39s"
        }, {
          "placeId": "ChIJmUw976IK44kRLMRJtl_NwYM",
          "duration": "15s"
        }, {
          "placeId": "ChIJf7cC3KIK44kR7ohBuMGuukY",
          "duration": "27s"
        }, {
          "placeId": "ChIJg10XK70K44kRcCkBYg2nbvA",
          "duration": "51s"
        }, {
          "placeId": "ChIJq7nGPb0K44kRBfM7u2O9V4s",
          "duration": "35s"
        }, {
          "placeId": "ChIJbQFabL0K44kRLUOBHUX73dM",
          "duration": "11s"
        }, {
          "placeId": "ChIJZwLMcb0K44kRjmrZFqgeXL0",
          "duration": "7s"
        }, {
          "placeId": "ChIJA6IAgr0K44kRDb1WoVMimb8",
          "duration": "15s"
        }, {
          "placeId": "ChIJA6IAgr0K44kR5fAfM82JsKI",
          "duration": "11s"
        }, {
          "placeId": "ChIJ5X2EPZYK44kRzdGNoe2xwa0",
          "duration": "55s"
        }, {
          "placeId": "ChIJy0MCcZYK44kRV3_WrFFu9Y8",
          "duration": "7s"
        }, {
          "placeId": "ChIJoe8depYK44kRh_OM4a6Lr9c",
          "duration": "3s"
        }, {
          "placeId": "ChIJJziSf5YK44kRpugk2pCmBi8",
          "duration": "31s"
        }, {
          "placeId": "ChIJEXCvKJQK44kRRnlr4l8lqWI",
          "duration": "11s"
        }, {
          "placeId": "ChIJycoZI5QK44kRGFXFrwGHlm4",
          "duration": "47s"
        }, {
          "placeId": "ChIJ067nF5QK44kRNYxrRbnr2tY",
          "duration": "15s"
        }, {
          "placeId": "ChIJ5Xt7EpQK44kRG_mXLxM-oH4",
          "duration": "43s"
        }, {
          "placeId": "ChIJaZxciZMK44kRcX6ew4s_sQc",
          "duration": "47s"
        }, {
          "placeId": "ChIJryYeopMK44kRcEyrMzUGBD8",
          "duration": "35s"
        }, {
          "placeId": "ChIJa2UEApMK44kR5KITDIJeUgo",
          "duration": "27s"
        }, {
          "placeId": "ChIJa2ce7JIK44kRJKtaw1b9B0M",
          "duration": "23s"
        }, {
          "placeId": "ChIJh5GcvZIK44kRGgwusNlFRcc",
          "duration": "11s"
        }, {
          "placeId": "ChIJv9100fIK44kRhk-JG1YlI5c",
          "duration": "70s"
        }, {
          "placeId": "ChIJHfBDFfMK44kRV5XHfl_07SY",
          "duration": "15s"
        }, {
          "placeId": "ChIJh7VpgvQK44kRd-m9QwnELDg",
          "duration": "31s"
        }, {
          "placeId": "ChIJh7VpgvQK44kRbYSpVrexrqk",
          "duration": "31s"
        }, {
          "placeId": "ChIJobbdg_QK44kRdN3tfHH0emw",
          "duration": "7s"
        }, {
          "placeId": "ChIJUR3iW_QK44kR_1EbL_mo860",
          "duration": "19s"
        }, {
          "placeId": "ChIJF_J2S_QK44kRBp-E_6-6ihs",
          "duration": "47s"
        }, {
          "placeId": "ChIJr_v9yPUK44kRmPG7RpWaIcw",
          "duration": "23s"
        }, {
          "placeId": "ChIJv3CEw_UK44kR0Q75Z4at1sE",
          "duration": "15s"
        }, {
          "placeId": "ChIJPyQMw_UK44kRuecaj2XG5ZA",
          "duration": "11s"
        }, {
          "placeId": "ChIJ-7yqw_UK44kR8PVW5SiYzO4",
          "duration": "7s"
        }, {
          "placeId": "ChIJl6Skv_UK44kRTfHE6TjkFQI",
          "duration": "43s"
        }, {
          "placeId": "ChIJs1s0bfUK44kRKcuiJJfLfIE",
          "duration": "70s"
        }, {
          "placeId": "ChIJQwYGNfUK44kRmc5WP_5Y1X4",
          "duration": "27s"
        }, {
          "placeId": "ChIJj-XBiooK44kRit93YVjT0NA",
          "duration": "15s"
        }, {
          "placeId": "ChIJj-XBiooK44kR_TXf5hSBNIo",
          "duration": "106s"
        }, {
          "placeId": "ChIJDV37GooK44kR5XdYzHONU2A",
          "duration": "3s"
        }, {
          "placeId": "ChIJT3gcHYoK44kRCR1l8kHuflE",
          "duration": "11s"
        }, {
          "placeId": "ChIJMXpa8IkK44kR4LeyTS9rUAQ",
          "duration": "19s"
        }, {
          "placeId": "ChIJpe6DBmIK44kR8OyjVwlyA0A",
          "duration": "133s"
        }, {
          "placeId": "ChIJf5uohmEK44kRqU-z1ADpjlc",
          "duration": "145s"
        }, {
          "placeId": "ChIJf5uohmEK44kRqE-z1ADpjlc",
          "duration": "145s"
        }, {
          "placeId": "ChIJpe6DBmIK44kR8eyjVwlyA0A",
          "duration": "90s"
        }, {
          "placeId": "ChIJo9J3wokK44kRBJzLLOzeROQ",
          "duration": "19s"
        }, {
          "placeId": "ChIJ2wkoz4kK44kRg0oMKsnsHDo",
          "duration": "23s"
        }, {
          "placeId": "ChIJ75c2MogK44kR1nmdtWx0UU0",
          "duration": "23s"
        }, {
          "placeId": "ChIJU81oJIgK44kRPwdqnGEB7fA",
          "duration": "23s"
        }, {
          "placeId": "ChIJST5CHogK44kRlCC5JYLPmvU",
          "duration": "19s"
        }, {
          "placeId": "ChIJbYagqWIK44kRoBpaZ96hK1s",
          "duration": "23s"
        }, {
          "placeId": "ChIJdes8Rn0K44kR5ypbcSOtQ9I",
          "duration": "70s"
        }, {
          "placeId": "ChIJy3rpAn0K44kRRxyMTem9-jo",
          "duration": "0s"
        }, {
          "placeId": "ChIJy3rpAn0K44kRNMf3bml26H4",
          "duration": "66s"
        }, {
          "placeId": "ChIJ4_AOV3wK44kRIEnWeoR3WXc",
          "duration": "11s"
        }, {
          "placeId": "ChIJk_wFiXwK44kRz2bYYU0dl9g",
          "duration": "94s"
        }, {
          "placeId": "ChIJvVpAb3sK44kRsONC4BXFF_U",
          "duration": "23s"
        }, {
          "placeId": "ChIJD6ByFXsK44kRC38gNBLJ11M",
          "duration": "23s"
        }, {
          "placeId": "ChIJb1l1I3sK44kRcVEaVTbeuiw",
          "duration": "27s"
        }, {
          "placeId": "ChIJL2ubKHsK44kRWSj6TzxF7jg",
          "duration": "23s"
        }, {
          "placeId": "ChIJyxRb02QK44kR3m12DphCJlk",
          "duration": "35s"
        }, {
          "placeId": "ChIJx3GK12QK44kRucpTLFgm-4g",
          "duration": "27s"
        }, {
          "placeId": "ChIJrxhZI2UK44kR5uE-t50f9m4",
          "duration": "23s"
        }, {
          "placeId": "ChIJwSmAaWUK44kRPl-uwjyA3Co",
          "duration": "47s"
        }, {
          "placeId": "ChIJpyILiG8K44kRQjVN1XGUIWc",
          "duration": "19s"
        }, {
          "placeId": "ChIJOcl4oG8K44kRjiYEuGlpgM8",
          "duration": "62s"
        }, {
          "placeId": "ChIJIX1b424K44kRTq8DdGghV2Q",
          "duration": "27s"
        }, {
          "placeId": "ChIJW5I74WsK44kR1HrL3Xybdck",
          "duration": "98s"
        }, {
          "placeId": "ChIJp5JDJ2oK44kRgWqJFatotN4",
          "duration": "35s"
        }, {
          "placeId": "ChIJ-w69-WkK44kR6hDdAHyXZyQ",
          "duration": "35s"
        }, {
          "placeId": "ChIJgT9Gk0EK44kR6PMQv_8Vpkk",
          "duration": "78s"
        }, {
          "placeId": "ChIJSxMPJ0cK44kRETqfOXXRJn8",
          "duration": "78s"
        }, {
          "placeId": "ChIJ19BiB0cK44kR1DMiUOudiLk",
          "duration": "3s"
        }, {
          "placeId": "ChIJ9YD2sEcK44kRcTJSrZUv6Ts",
          "duration": "19s"
        }, {
          "placeId": "ChIJZY6Ft0cK44kRbATq97una_w",
          "duration": "15s"
        }, {
          "placeId": "ChIJQ0bQt0cK44kRglBkw4uHpws",
          "duration": "3s"
        }, {
          "placeId": "ChIJMXzwx0cK44kRY-xx2luTX8o",
          "duration": "3s"
        }, {
          "placeId": "ChIJY-TXwEcK44kRT1HsENRyt5E",
          "duration": "11s"
        }, {
          "placeId": "ChIJH_BW-jcK44kR3Ok9pLULHr0",
          "duration": "11s"
        }, {
          "placeId": "ChIJmQkv8DcK44kRgvKMDopioSs",
          "duration": "3s"
        }, {
          "placeId": "ChIJY8j48jcK44kRsKLsqvyahcQ",
          "duration": "11s"
        }, {
          "placeId": "ChIJY8j48jcK44kReEpyRr2oCL8",
          "duration": "3s"
        }, {
          "placeId": "ChIJwSemiTcK44kR-aySMLrPzNo",
          "duration": "3s"
        }, {
          "placeId": "ChIJwSemiTcK44kRLy6G02cH4I4",
          "duration": "19s"
        }, {
          "placeId": "ChIJlXPnKzgK44kRbhSgeclA-gU",
          "duration": "15s"
        }, {
          "placeId": "ChIJZ0GN0jkK44kRo4VVPC5fqGM",
          "duration": "11s"
        }, {
          "placeId": "ChIJD_89zzkK44kRonlhAZgKu0U",
          "duration": "19s"
        }, {
          "placeId": "ChIJw0sRwDkK44kRZLCLq-WXrdI",
          "duration": "11s"
        }, {
          "placeId": "ChIJ43yUkjkK44kR8R_A6j1hQHU",
          "duration": "7s"
        }, {
          "placeId": "ChIJ43yUkjkK44kR7dwOg5vvjLs",
          "duration": "3s"
        }, {
          "placeId": "ChIJsUgXijkK44kRlTjnR5_83c8",
          "duration": "11s"
        }, {
          "placeId": "ChIJxyi0ijkK44kRmg4SYMQcIO0",
          "duration": "3s"
        }, {
          "placeId": "ChIJsUgXijkK44kRoSUE8ZCr8Ic",
          "duration": "19s"
        }, {
          "placeId": "ChIJZalhFzoK44kR4bnXqgIPdmU",
          "duration": "27s"
        }, {
          "placeId": "ChIJRVUihzoK44kRYfYTb_o_8YE",
          "duration": "11s"
        }, {
          "placeId": "ChIJvYNdnToK44kR3-YlWFf0gCY",
          "duration": "15s"
        }, {
          "placeId": "ChIJvYNdnToK44kRy5ze6ULIwsg",
          "duration": "19s"
        }, {
          "placeId": "ChIJvYNdnToK44kRoYPi22BCKtM",
          "duration": "11s"
        }, {
          "placeId": "ChIJl1QmCTAK44kRcFYf1yP89fY",
          "duration": "31s"
        }, {
          "placeId": "ChIJyfTMHDAK44kRRlpTz3NV9h8",
          "duration": "39s"
        }, {
          "placeId": "ChIJV_xO4S8K44kRgFCrkW2dr3c",
          "duration": "15s"
        }, {
          "placeId": "ChIJ3QrUsi8K44kRjlz-m6-LFhs",
          "duration": "78s"
        }, {
          "placeId": "ChIJ9SJ5HiwK44kRq7Sb1BMFbvg",
          "duration": "55s"
        }, {
          "placeId": "ChIJcUgEmysK44kRLZYX2OdFofI",
          "duration": "58s"
        }, {
          "placeId": "ChIJp0yl2CoK44kR_1uIcykaBNQ",
          "duration": "27s"
        }, {
          "placeId": "ChIJ71fJNdUL44kRqsLlG5_8C5A",
          "duration": "27s"
        }, {
          "placeId": "ChIJeep_RNUL44kRvCGdGoa1nZA",
          "duration": "3s"
        }, {
          "placeId": "ChIJwzWogX4J44kR4LY-Jkvhjng",
          "duration": "165s"
        }, {
          "placeId": "ChIJx9PCJWUJ44kRLs1q0yLMFNo",
          "duration": "47s"
        }, {
          "placeId": "ChIJvbE_DGkJ44kRQLE1a_zcOTs",
          "duration": "11s"
        }, {
          "placeId": "ChIJ0d0InGkJ44kRa35QBxJvr6Y",
          "duration": "3s"
        }, {
          "placeId": "ChIJ0d0InGkJ44kRHDBGd64nYto",
          "duration": "3s"
        }, {
          "placeId": "ChIJ0d0InGkJ44kRTCPbwgFmJ0o",
          "duration": "7s"
        }, {
          "placeId": "ChIJvTE3dmoJ44kR6n-4fM-l1Xg",
          "duration": "11s"
        }, {
          "placeId": "ChIJvTE3dmoJ44kRqWdIcog5HaM",
          "duration": "0s"
        }, {
          "placeId": "ChIJvTE3dmoJ44kRFgassydKh5I",
          "duration": "11s"
        }, {
          "placeId": "ChIJteByOkAJ44kRf1rX6OL1xNA",
          "duration": "35s"
        }, {
          "placeId": "ChIJU3MBckAJ44kRa-xnXqsCx84",
          "duration": "19s"
        }, {
          "placeId": "ChIJXZ3-hz8J44kR9y9cFsDf61A",
          "duration": "7s"
        }, {
          "placeId": "ChIJnXBnhD8J44kRXZXypw9JkGM",
          "duration": "11s"
        }, {
          "placeId": "ChIJS8fXnT8J44kRfv_OUb9nTGI",
          "duration": "11s"
        }, {
          "placeId": "ChIJN_W0Cz8J44kR_icPFEWXbio",
          "duration": "11s"
        }, {
          "placeId": "ChIJ7QH1uzwJ44kR6wNOS6w0Zq0",
          "duration": "247s"
        }, {
          "placeId": "ChIJv5OwyiYJ44kRPuaD4fECt0s",
          "duration": "23s"
        }, {
          "placeId": "ChIJ-cAk1SYJ44kRCiEQw6CRfIU",
          "duration": "11s"
        }, {
          "placeId": "ChIJ0c2mMicJ44kRPAA2JHQ5r94",
          "duration": "11s"
        }, {
          "placeId": "ChIJYW3BSicJ44kRKrOGJAtnLu8",
          "duration": "15s"
        }, {
          "placeId": "ChIJp96XUicJ44kRi0v-LzAqPSk",
          "duration": "7s"
        }, {
          "placeId": "ChIJB9TjrNgI44kRVXjVSJ0izSQ",
          "duration": "27s"
        }, {
          "placeId": "ChIJF0wdy9gI44kRZ_M_fzjJ2xQ",
          "duration": "3s"
        }, {
          "placeId": "ChIJBxzyzNgI44kRx6jVNxjsZZs",
          "duration": "0s"
        }, {
          "placeId": "ChIJDV6RidsI44kRMe1ScGKEEww",
          "duration": "70s"
        }, {
          "placeId": "ChIJA1DYn9wI44kRW_1Uzcel-XY",
          "duration": "11s"
        }, {
          "placeId": "ChIJYU-5p9wI44kRXa42loVayN0",
          "duration": "19s"
        }, {
          "placeId": "ChIJH1dtq9wI44kRyfkz8dmfT74",
          "duration": "15s"
        }, {
          "placeId": "ChIJY0PyU8MI44kRC1ZxB4Hfae0",
          "duration": "7s"
        }, {
          "placeId": "ChIJqXntUMMI44kRtcLzOjH2oAI",
          "duration": "11s"
        }, {
          "placeId": "ChIJKVC8XMMI44kR7nBIgWcALSQ",
          "duration": "15s"
        }, {
          "placeId": "ChIJx6v0aMMI44kR7mt76h5RKqk",
          "duration": "3s"
        }, {
          "placeId": "ChIJ-SbrccMI44kRfhhP-0TJ1Vc",
          "duration": "15s"
        }, {
          "placeId": "ChIJT5TowMMI44kRjJNwNpiRscA",
          "duration": "11s"
        }, {
          "placeId": "ChIJL_Kd2cMI44kRekC2avE2z10",
          "duration": "7s"
        }, {
          "placeId": "ChIJX-nPYsEI44kRiAyVkXmaJVk",
          "duration": "3s"
        }, {
          "placeId": "ChIJ8U2aesEI44kRfK7ZVgPCgOY",
          "duration": "15s"
        }, {
          "placeId": "ChIJYZPrDMEI44kRMbe65gLuk0I",
          "duration": "11s"
        }, {
          "placeId": "ChIJ8ewwBMEI44kRJt2GjCu8pJs",
          "duration": "11s"
        }, {
          "placeId": "ChIJL5U__MAI44kReFarE7L5f8I",
          "duration": "11s"
        }, {
          "placeId": "ChIJXYpu-sAI44kRSPtqUpwzOI4",
          "duration": "0s"
        }, {
          "placeId": "ChIJi1mBZ7wI44kR63QTNhMrRJ8",
          "duration": "70s"
        }, {
          "placeId": "ChIJmYSZaaEI44kRggaPwoI3bjA",
          "duration": "11s"
        }, {
          "placeId": "ChIJTxfZFKEI44kRRlfBhi7UVFE",
          "duration": "7s"
        }, {
          "placeId": "ChIJzU-RFqEI44kR2E2SGgr4bKs",
          "duration": "7s"
        }, {
          "placeId": "ChIJnYz9G6EI44kREPlf5taQBhY",
          "duration": "23s"
        }, {
          "placeId": "ChIJ-6pP5KAI44kRaXdGhaJiCYM",
          "duration": "23s"
        }, {
          "placeId": "ChIJ3aig7aAI44kRncmwIyi_IBw",
          "duration": "7s"
        }, {
          "placeId": "ChIJKwUDkqAI44kR-w2k2qc48B0",
          "duration": "11s"
        }, {
          "placeId": "ChIJy38zKB4G44kROYCmJfhnmIk",
          "duration": "27s"
        }, {
          "placeId": "ChIJa177MR4G44kRXtYG0NyQp3Q",
          "duration": "3s"
        }, {
          "placeId": "ChIJN4YFNB4G44kRDgco_gIL1Do",
          "duration": "19s"
        }, {
          "placeId": "ChIJkewLSx4G44kRDjNzm7GGJNQ",
          "duration": "35s"
        }, {
          "placeId": "ChIJjwZtTR4G44kRDdnO1LtxX3o",
          "duration": "3s"
        }, {
          "placeId": "ChIJjwZtTR4G44kRlWBRCeQGTX4",
          "duration": "3s"
        }, {
          "placeId": "ChIJSZOMrB8G44kRRmih0_TiGvo",
          "duration": "3s"
        }, {
          "placeId": "ChIJO-Dxqx8G44kRo-WVsiCOBAY",
          "duration": "19s"
        }, {
          "placeId": "ChIJn5nTCR8G44kRk7ACx8xG5ag",
          "duration": "19s"
        }, {
          "placeId": "ChIJTd7LZR8G44kRyLt6goylmW0",
          "duration": "51s"
        }, {
          "placeId": "ChIJTd7LZR8G44kRmTc1SGvjtDc",
          "duration": "0s"
        }, {
          "placeId": "ChIJwR_z5SEG44kR9fiRS0q8pvc",
          "duration": "7s"
        }, {
          "placeId": "ChIJSTZ-0iMG44kRWltQULeboc0",
          "duration": "19s"
        }, {
          "placeId": "ChIJP9D_xSMG44kRRqwBAejQC44",
          "duration": "15s"
        }, {
          "placeId": "ChIJSb4lxyMG44kRDLNbKlWjE48",
          "duration": "3s"
        }, {
          "placeId": "ChIJt6HPlSMG44kRxPkkQ0aE2Dc",
          "duration": "19s"
        }, {
          "placeId": "ChIJlaMalCMG44kRJt7VlGtvABM",
          "duration": "15s"
        }, {
          "placeId": "ChIJ2bpZlyMG44kRmPDxzpsx2LQ",
          "duration": "3s"
        }, {
          "placeId": "ChIJLYijmSMG44kR-L1OqKjVVGo",
          "duration": "3s"
        }, {
          "placeId": "ChIJTSzSniMG44kRRajwq0tHOPU",
          "duration": "7s"
        }, {
          "placeId": "ChIJpeECdSMG44kRp3n1z17Hg2Q",
          "duration": "3s"
        }, {
          "placeId": "ChIJoyTROCMG44kRz3-EApiu4KI",
          "duration": "3s"
        }, {
          "placeId": "ChIJoyTROCMG44kRxBDiqsdoVAE",
          "duration": "23s"
        }, {
          "placeId": "ChIJAZx5NCMG44kRiLVVCyItSMc",
          "duration": "19s"
        }, {
          "placeId": "ChIJdcONzDwG44kRii0PYo7SKqk",
          "duration": "3s"
        }, {
          "placeId": "ChIJWVRlxTwG44kRtz1JtBuLxM0",
          "duration": "19s"
        }, {
          "placeId": "ChIJoURk2zwG44kR0pUUVlCnNL8",
          "duration": "7s"
        }, {
          "placeId": "ChIJoURk2zwG44kR9GmxGLInvNg",
          "duration": "7s"
        }, {
          "placeId": "ChIJKykz3TwG44kRQEAGRFSCasQ",
          "duration": "7s"
        }, {
          "placeId": "ChIJO3JH-TwG44kRa2SSM2oqo2Q",
          "duration": "51s"
        }, {
          "placeId": "ChIJk3CuSjwG44kRJBUN9hqEGQE",
          "duration": "11s"
        }, {
          "placeId": "ChIJk3CuSjwG44kRpSK19dw2IW4",
          "duration": "11s"
        }, {
          "placeId": "ChIJF-gpyz0G44kRmkYEPXfWkok",
          "duration": "7s"
        }, {
          "placeId": "ChIJw9BM6z8G44kRZ6SncGJhh1A",
          "duration": "19s"
        }, {
          "placeId": "ChIJNYhd9D8G44kR6O_ckjsWMpE",
          "duration": "15s"
        }, {
          "placeId": "ChIJfQIADEAG44kR9O7gWWkbwSs",
          "duration": "11s"
        }, {
          "placeId": "ChIJL8IfDkAG44kRXgkRqI6X1OQ",
          "duration": "3s"
        }, {
          "placeId": "ChIJvwgkEUAG44kR-D3-1LWT8B4",
          "duration": "11s"
        }, {
          "placeId": "ChIJwWzHFEAG44kRJT6Otrd7ZQ8",
          "duration": "47s"
        }, {
          "placeId": "ChIJ5VOSZUAG44kRtZOijHrKVvw",
          "duration": "31s"
        }, {
          "placeId": "ChIJB3e6YkAG44kRVZvM8rjSeH8",
          "duration": "23s"
        }, {
          "placeId": "ChIJV876j0AG44kR--PL4Is8eQQ",
          "duration": "58s"
        }, {
          "placeId": "ChIJz9aYl0AG44kRmdIjyeI-C8Q",
          "duration": "11s"
        }, {
          "placeId": "ChIJKQfPokAG44kRM5w31lmjbxk",
          "duration": "15s"
        }, {
          "placeId": "ChIJD0VApkAG44kRgxZaZt8m3Uo",
          "duration": "43s"
        }],
        "distanceMeters": 65339.40980497535,
        "travelMode": "DRIVE",
        "confidence": 0.8873123650505329
      },
      "simplifiedRawPath": {
        "points": [{
          "latE7": 425098152,
          "lngE7": -711989288,
          "accuracyMeters": 29,
          "timestamp": "2020-08-17T20:44:05.574Z"
        }, {
          "latE7": 425447922,
          "lngE7": -711747208,
          "accuracyMeters": 4,
          "timestamp": "2020-08-17T21:00:10Z"
        }, {
          "latE7": 425583916,
          "lngE7": -711637115,
          "accuracyMeters": 5,
          "timestamp": "2020-08-17T21:03:39Z"
        }, {
          "latE7": 425646210,
          "lngE7": -711738815,
          "accuracyMeters": 6,
          "timestamp": "2020-08-17T21:06:00Z"
        }, {
          "latE7": 425686607,
          "lngE7": -711823578,
          "accuracyMeters": 10,
          "timestamp": "2020-08-17T21:08:35Z"
        }, {
          "latE7": 426364670,
          "lngE7": -711152649,
          "accuracyMeters": 10,
          "timestamp": "2020-08-17T21:20:43Z"
        }]
      },
      "parkingEvent": {
        "location": {
          "latitudeE7": 426864910,
          "longitudeE7": -711267907,
          "accuracyMetres": 23
        },
        "method": "EXITING_VEHICLE_SIGNAL",
        "locationSource": "NOT_FROM_RAW_LOCATION",
        "timestamp": "2020-08-17T21:32:15.878Z"
      }
    }
  }, {
    "placeVisit": {
      "location": {
        "latitudeE7": 426866379,
        "longitudeE7": -711269226,
        "placeId": "ChIJCZ-trUAG44kRyWrqYPg0QQg",
        "address": "80 Edgelawn Avenue, North Andover, Massachusetts 01845, United States",
        "sourceInfo": {
          "deviceTag": 939353221
        },
        "locationConfidence": 83.385086,
        "calibratedProbability": 72.80784
      },
      "duration": {
        "startTimestamp": "2020-08-17T21:27:29Z",
        "endTimestamp": "2020-08-18T11:28:01.401Z"
      },
      "placeConfidence": "HIGH_CONFIDENCE",
      "centerLatE7": 426866367,
      "centerLngE7": -711269507,
      "visitConfidence": 95,
      "otherCandidateLocations": [{
        "latitudeE7": 426851921,
        "longitudeE7": -711245460,
        "placeId": "ChIJxaTcFT8G44kR09xvUz388gc",
        "address": "39 Farrwood Ave, North Andover, MA 01845, USA",
        "name": "Heritage Green Condominiums",
        "locationConfidence": 16.56546,
        "calibratedProbability": 14.464162,
        "isCurrentLocation": true
      }, {
        "latitudeE7": 426851188,
        "longitudeE7": -711265348,
        "placeId": "ChIJfwqps5oH44kRGe1xE0pwBfQ",
        "locationConfidence": 0.017464962,
        "calibratedProbability": 0.015249563
      }, {
        "latitudeE7": 426873811,
        "longitudeE7": -711262759,
        "placeId": "ChIJz5CYx0AG44kRWSsloum5df0",
        "address": "93 Autran Ave, North Andover, MA 01845, USA",
        "name": "The Mystic River Band",
        "locationConfidence": 0.013236811,
        "calibratedProbability": 0.011557746
      }, {
        "latitudeE7": 426878460,
        "longitudeE7": -711278853,
        "placeId": "ChIJSTA9zUAG44kRto4H2utHaOk",
        "address": "102 Adams Ave #4305, North Andover, MA 01845, USA",
        "name": "R S Herbert Building \u0026 Remodeling",
        "locationConfidence": 0.008290795,
        "calibratedProbability": 0.0072391224
      }],
      "editConfirmationStatus": "NOT_CONFIRMED",
      "locationConfidence": 68,
      "placeVisitType": "SINGLE_PLACE",
      "placeVisitImportance": "MAIN"
    }
  }, {
    "activitySegment": {
      "startLocation": {
        "latitudeE7": 426868633,
        "longitudeE7": -711266141,
        "sourceInfo": {
          "deviceTag": 939353221
        }
      },
      "endLocation": {
        "latitudeE7": 423881381,
        "longitudeE7": -711916182,
        "sourceInfo": {
          "deviceTag": 939353221
        }
      },
      "duration": {
        "startTimestamp": "2020-08-18T11:28:01.401Z",
        "endTimestamp": "2020-08-18T12:10:27.633Z"
      },
      "distance": 33863,
      "activityType": "IN_PASSENGER_VEHICLE",
      "confidence": "HIGH",
      "activities": [{
        "activityType": "IN_PASSENGER_VEHICLE",
        "probability": 93.49979758262634
      }, {
        "activityType": "MOTORCYCLING",
        "probability": 3.477192670106888
      }, {
        "activityType": "STILL",
        "probability": 1.1003494262695312
      }, {
        "activityType": "WALKING",
        "probability": 0.7548314984887838
      }, {
        "activityType": "CYCLING",
        "probability": 0.6976839154958725
      }, {
        "activityType": "IN_BUS",
        "probability": 0.3858823562040925
      }, {
        "activityType": "IN_TRAIN",
        "probability": 0.0313731754431501
      }, {
        "activityType": "RUNNING",
        "probability": 0.020175555255264044
      }, {
        "activityType": "IN_FERRY",
        "probability": 0.017392216250300407
      }, {
        "activityType": "FLYING",
        "probability": 0.008913416240829974
      }, {
        "activityType": "SKIING",
        "probability": 0.0022782905944040976
      }, {
        "activityType": "IN_SUBWAY",
        "probability": 0.0016277323084068485
      }, {
        "activityType": "SAILING",
        "probability": 0.001199306279886514
      }, {
        "activityType": "IN_TRAM",
        "probability": 0.0011604628525674343
      }, {
        "activityType": "IN_VEHICLE",
        "probability": 1.291940748160414E-4
      }],
      "waypointPath": {
        "waypoints": [{
          "latE7": 426866989,
          "lngE7": -711265716
        }, {
          "latE7": 426687545,
          "lngE7": -711198654
        }, {
          "latE7": 426683921,
          "lngE7": -711182250
        }, {
          "latE7": 425728569,
          "lngE7": -711493911
        }, {
          "latE7": 423881607,
          "lngE7": -711915893
        }],
        "source": "INFERRED",
        "roadSegment": [{
          "placeId": "ChIJuRRIpUAG44kRmo2ioOSZ07w",
          "duration": "17s"
        }, {
          "placeId": "ChIJKQfPokAG44kRMpw31lmjbxk",
          "duration": "4s"
        }, {
          "placeId": "ChIJz9aYl0AG44kRmNIjyeI-C8Q",
          "duration": "3s"
        }, {
          "placeId": "ChIJV876j0AG44kR-uPL4Is8eQQ",
          "duration": "13s"
        }, {
          "placeId": "ChIJB3e6YkAG44kRVJvM8rjSeH8",
          "duration": "6s"
        }, {
          "placeId": "ChIJ5VOSZUAG44kRtJOijHrKVvw",
          "duration": "10s"
        }, {
          "placeId": "ChIJwWzHFEAG44kRJD6Otrd7ZQ8",
          "duration": "19s"
        }, {
          "placeId": "ChIJvwgkEUAG44kR-T3-1LWT8B4",
          "duration": "3s"
        }, {
          "placeId": "ChIJL8IfDkAG44kRXwkRqI6X1OQ",
          "duration": "1s"
        }, {
          "placeId": "ChIJfQIADEAG44kR9e7gWWkbwSs",
          "duration": "3s"
        }, {
          "placeId": "ChIJNYhd9D8G44kR6e_ckjsWMpE",
          "duration": "4s"
        }, {
          "placeId": "ChIJw9BM6z8G44kRZqSncGJhh1A",
          "duration": "5s"
        }, {
          "placeId": "ChIJF-gpyz0G44kRm0YEPXfWkok",
          "duration": "2s"
        }, {
          "placeId": "ChIJk3CuSjwG44kRpCK19dw2IW4",
          "duration": "2s"
        }, {
          "placeId": "ChIJk3CuSjwG44kRJRUN9hqEGQE",
          "duration": "3s"
        }, {
          "placeId": "ChIJO3JH-TwG44kRamSSM2oqo2Q",
          "duration": "17s"
        }, {
          "placeId": "ChIJKykz3TwG44kRQUAGRFSCasQ",
          "duration": "3s"
        }, {
          "placeId": "ChIJoURk2zwG44kR9WmxGLInvNg",
          "duration": "2s"
        }, {
          "placeId": "ChIJoURk2zwG44kR05UUVlCnNL8",
          "duration": "3s"
        }, {
          "placeId": "ChIJWVRlxTwG44kRtj1JtBuLxM0",
          "duration": "4s"
        }, {
          "placeId": "ChIJdcONzDwG44kRiy0PYo7SKqk",
          "duration": "1s"
        }, {
          "placeId": "ChIJAZx5NCMG44kRibVVCyItSMc",
          "duration": "5s"
        }, {
          "placeId": "ChIJoyTROCMG44kRxRDiqsdoVAE",
          "duration": "6s"
        }, {
          "placeId": "ChIJoyTROCMG44kRzn-EApiu4KI",
          "duration": "1s"
        }, {
          "placeId": "ChIJpeECdSMG44kRpnn1z17Hg2Q",
          "duration": "1s"
        }, {
          "placeId": "ChIJTSzSniMG44kRRKjwq0tHOPU",
          "duration": "5s"
        }, {
          "placeId": "ChIJLYijmSMG44kR-b1OqKjVVGo",
          "duration": "2s"
        }, {
          "placeId": "ChIJ2bpZlyMG44kRmfDxzpsx2LQ",
          "duration": "2s"
        }, {
          "placeId": "ChIJlaMalCMG44kR7FL2N9FTltE",
          "duration": "5s"
        }, {
          "placeId": "ChIJlaMalCMG44kRW6E5HvBlK-U",
          "duration": "2s"
        }, {
          "placeId": "ChIJlaMalCMG44kRYM-Swyqb8P0",
          "duration": "4s"
        }, {
          "placeId": "ChIJu2frKSIG44kR4JJcI0WNhto",
          "duration": "16s"
        }, {
          "placeId": "ChIJu2frKSIG44kR0kCuC99kqYI",
          "duration": "16s"
        }, {
          "placeId": "ChIJD2a43yEG44kRulYtkPVOEjM",
          "duration": "2s"
        }, {
          "placeId": "ChIJD2a43yEG44kRyFNTzIEmK7w",
          "duration": "1s"
        }, {
          "placeId": "ChIJeQGaYx8G44kR9MpR8Y6N_Bo",
          "duration": "1s"
        }, {
          "placeId": "ChIJ2QiscR8G44kRZkAz1YPvxaE",
          "duration": "12s"
        }, {
          "placeId": "ChIJTaWxoB8G44kRbs9sW7wvagE",
          "duration": "1s"
        }, {
          "placeId": "ChIJWxkqrx8G44kRARzm1jlQFps",
          "duration": "15s"
        }, {
          "placeId": "ChIJDQb2rB8G44kRnMgAM8FlAN4",
          "duration": "2s"
        }, {
          "placeId": "ChIJE_B1qx8G44kRFAI1WtbIhSw",
          "duration": "15s"
        }, {
          "placeId": "ChIJUTJ_qh8G44kR1QMZF15V57U",
          "duration": "4s"
        }, {
          "placeId": "ChIJuUUF_h4G44kRN_U33DEKbHo",
          "duration": "10s"
        }, {
          "placeId": "ChIJm1H0VR4G44kRR8NxH7qMWLA",
          "duration": "15s"
        }, {
          "placeId": "ChIJ_UphUh4G44kRiQC8q9o_GS8",
          "duration": "9s"
        }, {
          "placeId": "ChIJjwZtTR4G44kRJ6CmUcaGMfk",
          "duration": "1s"
        }, {
          "placeId": "ChIJ1T6USh4G44kRTu7UV-VJqS4",
          "duration": "10s"
        }, {
          "placeId": "ChIJF_4OLB4G44kREEi9rTX-6rI",
          "duration": "9s"
        }, {
          "placeId": "ChIJt6VIhKAI44kRqmYVCw6CrSQ",
          "duration": "1s"
        }, {
          "placeId": "ChIJx8x4jqAI44kRjDiFdsdHvWo",
          "duration": "4s"
        }, {
          "placeId": "ChIJx4H68aAI44kRprpMnxRTPiY",
          "duration": "4s"
        }, {
          "placeId": "ChIJ-8EX46AI44kR0P1j8rhE050",
          "duration": "6s"
        }, {
          "placeId": "ChIJMytoGqEI44kRUDYBCSVIfYw",
          "duration": "4s"
        }, {
          "placeId": "ChIJWbx1a6EI44kRyPBp1R8g5wQ",
          "duration": "6s"
        }, {
          "placeId": "ChIJi1mBZ7wI44kR6nQTNhMrRJ8",
          "duration": "21s"
        }, {
          "placeId": "ChIJXYpu-sAI44kRSftqUpwzOI4",
          "duration": "0s"
        }, {
          "placeId": "ChIJL5U__MAI44kRJ5iBErNq594",
          "duration": "3s"
        }, {
          "placeId": "ChIJWSXeA8EI44kRIXtGLnVOP_k",
          "duration": "1s"
        }, {
          "placeId": "ChIJIfbkBcEI44kRe4Gs0KHSTbU",
          "duration": "2s"
        }, {
          "placeId": "ChIJGYAwc8EI44kRrF4rxgd5GPQ",
          "duration": "3s"
        }, {
          "placeId": "ChIJqe-aesEI44kRP32HuYR7ZZU",
          "duration": "3s"
        }, {
          "placeId": "ChIJh-dK2MMI44kR7cDguLlfnFA",
          "duration": "4s"
        }, {
          "placeId": "ChIJidR5xMMI44kRZ5XfwPLIxWM",
          "duration": "3s"
        }, {
          "placeId": "ChIJ-SbrccMI44kRfxhP-0TJ1Vc",
          "duration": "4s"
        }, {
          "placeId": "ChIJx6v0aMMI44kR72t76h5RKqk",
          "duration": "1s"
        }, {
          "placeId": "ChIJKVC8XMMI44kR73BIgWcALSQ",
          "duration": "4s"
        }, {
          "placeId": "ChIJqXntUMMI44kRtMLzOjH2oAI",
          "duration": "3s"
        }, {
          "placeId": "ChIJY0PyU8MI44kRClZxB4Hfae0",
          "duration": "2s"
        }, {
          "placeId": "ChIJH1dtq9wI44kRyPkz8dmfT74",
          "duration": "4s"
        }, {
          "placeId": "ChIJYU-5p9wI44kRXK42loVayN0",
          "duration": "4s"
        }, {
          "placeId": "ChIJA1DYn9wI44kRWv1Uzcel-XY",
          "duration": "3s"
        }, {
          "placeId": "ChIJDV6RidsI44kRMO1ScGKEEww",
          "duration": "19s"
        }, {
          "placeId": "ChIJBxzyzNgI44kRLpoNHR9QETU",
          "duration": "0s"
        }, {
          "placeId": "ChIJF0wdy9gI44kRwoit1qIW1Ms",
          "duration": "1s"
        }, {
          "placeId": "ChIJcYC9stgI44kRRoh1laBtFxw",
          "duration": "4s"
        }, {
          "placeId": "ChIJfSE9VScJ44kRNJPB35b3jHk",
          "duration": "2s"
        }, {
          "placeId": "ChIJp96XUicJ44kREpxoVA8CMR0",
          "duration": "2s"
        }, {
          "placeId": "ChIJafNcNScJ44kRkW9fssSu2CQ",
          "duration": "4s"
        }, {
          "placeId": "ChIJ0247LScJ44kR9fETX_5tugw",
          "duration": "3s"
        }, {
          "placeId": "ChIJ-cAk1SYJ44kR9e1QettDpME",
          "duration": "3s"
        }, {
          "placeId": "ChIJv5OwyiYJ44kRP-aD4fECt0s",
          "duration": "6s"
        }, {
          "placeId": "ChIJ7QH1uzwJ44kR6gNOS6w0Zq0",
          "duration": "65s"
        }, {
          "placeId": "ChIJN_W0Cz8J44kR_ycPFEWXbio",
          "duration": "3s"
        }, {
          "placeId": "ChIJS8fXnT8J44kRf__OUb9nTGI",
          "duration": "3s"
        }, {
          "placeId": "ChIJnXBnhD8J44kRXJXypw9JkGM",
          "duration": "3s"
        }, {
          "placeId": "ChIJXZ3-hz8J44kR9i9cFsDf61A",
          "duration": "2s"
        }, {
          "placeId": "ChIJU3MBckAJ44kRauxnXqsCx84",
          "duration": "5s"
        }, {
          "placeId": "ChIJteByOkAJ44kRflrX6OL1xNA",
          "duration": "9s"
        }, {
          "placeId": "ChIJvTE3dmoJ44kRFwassydKh5I",
          "duration": "3s"
        }, {
          "placeId": "ChIJvTE3dmoJ44kRqGdIcog5HaM",
          "duration": "0s"
        }, {
          "placeId": "ChIJvTE3dmoJ44kR63-4fM-l1Xg",
          "duration": "4s"
        }, {
          "placeId": "ChIJ0d0InGkJ44kRTSPbwgFmJ0o",
          "duration": "2s"
        }, {
          "placeId": "ChIJ0d0InGkJ44kRHTBGd64nYto",
          "duration": "1s"
        }, {
          "placeId": "ChIJ0d0InGkJ44kRan5QBxJvr6Y",
          "duration": "1s"
        }, {
          "placeId": "ChIJvbE_DGkJ44kRQbE1a_zcOTs",
          "duration": "4s"
        }, {
          "placeId": "ChIJx9PCJWUJ44kRL81q0yLMFNo",
          "duration": "13s"
        }, {
          "placeId": "ChIJwzWogX4J44kR4bY-Jkvhjng",
          "duration": "48s"
        }, {
          "placeId": "ChIJeep_RNUL44kRo34gKWGxSJs",
          "duration": "1s"
        }, {
          "placeId": "ChIJ71fJNdUL44kRvw8wQK1RPAw",
          "duration": "8s"
        }, {
          "placeId": "ChIJ76sP2ioK44kRRMGBg4dBX0g",
          "duration": "2s"
        }, {
          "placeId": "ChIJ-xtJ3yoK44kRbOse5GAPU7A",
          "duration": "1s"
        }, {
          "placeId": "ChIJ12BAGisK44kRIqAlKqHXy6g",
          "duration": "13s"
        }, {
          "placeId": "ChIJoVelnysK44kR2LPZBoLkLCI",
          "duration": "9s"
        }, {
          "placeId": "ChIJ_4zFkC4K44kRXoCEGmEbWrY",
          "duration": "4s"
        }, {
          "placeId": "ChIJ7bSYxy8K44kR4Ve0_xDQfvo",
          "duration": "4s"
        }, {
          "placeId": "ChIJRXqcwi8K44kR8W8yrW4EDmo",
          "duration": "9s"
        }, {
          "placeId": "ChIJkzIE5C8K44kR53HLdAZliw0",
          "duration": "3s"
        }, {
          "placeId": "ChIJyfTMHDAK44kRR1pTz3NV9h8",
          "duration": "8s"
        }, {
          "placeId": "ChIJl1QmCTAK44kRcVYf1yP89fY",
          "duration": "5s"
        }, {
          "placeId": "ChIJvYNdnToK44kRoIPi22BCKtM",
          "duration": "2s"
        }, {
          "placeId": "ChIJvYNdnToK44kRypze6ULIwsg",
          "duration": "3s"
        }, {
          "placeId": "ChIJvYNdnToK44kR3uYlWFf0gCY",
          "duration": "2s"
        }, {
          "placeId": "ChIJRVUihzoK44kRYPYTb_o_8YE",
          "duration": "2s"
        }, {
          "placeId": "ChIJZalhFzoK44kR4LnXqgIPdmU",
          "duration": "5s"
        }, {
          "placeId": "ChIJhTTYIDoK44kRVvw_M2gfsx4",
          "duration": "5s"
        }, {
          "placeId": "ChIJnVnHSgcL44kRtzBkPQfER8E",
          "duration": "3s"
        }, {
          "placeId": "ChIJK88EMBoL44kRN4ehk42xYVQ",
          "duration": "2s"
        }, {
          "placeId": "ChIJP3zzecx044kRawVINvsIxP4",
          "duration": "38s"
        }, {
          "placeId": "ChIJSYNUHch044kR4fJx0aMeqXw",
          "duration": "11s"
        }, {
          "placeId": "ChIJlTcW_cZ044kRqX63nyggmgY",
          "duration": "4s"
        }, {
          "placeId": "ChIJN6ebGMR044kRiZcD5iaXWH4",
          "duration": "1s"
        }, {
          "placeId": "ChIJ1-j0FMR044kRybZtDntaZ2Q",
          "duration": "3s"
        }, {
          "placeId": "ChIJD1LqVcN044kRFirO2A-lO_s",
          "duration": "4s"
        }, {
          "placeId": "ChIJ0607Wh9144kRkCRcfsbsefw",
          "duration": "1s"
        }, {
          "placeId": "ChIJJUrDs2ee44kR6QN_VAoUuOU",
          "duration": "9s"
        }, {
          "placeId": "ChIJjT2tuIie44kRkqBIAn4-7KI",
          "duration": "1s"
        }, {
          "placeId": "ChIJadjZZTmc44kRSIYozE_bFlU",
          "duration": "1s"
        }, {
          "placeId": "ChIJA0GSrjic44kRZMSIWSTXFMI",
          "duration": "1s"
        }, {
          "placeId": "ChIJ9cdNs0Cc44kROvBlQdfs_z4",
          "duration": "1s"
        }, {
          "placeId": "ChIJH0BrJVmc44kRhn7CFFT8SMw",
          "duration": "1s"
        }, {
          "placeId": "ChIJ249mRVic44kRKA44_FHk2Ts",
          "duration": "1s"
        }, {
          "placeId": "ChIJJYJq3Vec44kRlkZqIQ1Ro0k",
          "duration": "0s"
        }, {
          "placeId": "ChIJtSeSvamd44kRzjL0_J6ToI0",
          "duration": "1s"
        }, {
          "placeId": "ChIJZxBsf6id44kR_1LZ8_NWlNk",
          "duration": "1s"
        }, {
          "placeId": "ChIJaV-nbZ6d44kR45-jkzS-UqE",
          "duration": "12s"
        }, {
          "placeId": "ChIJJwpmD3id44kRv652KMT_yWU",
          "duration": "10s"
        }, {
          "placeId": "ChIJ8coBs3md44kRkbJj9TMbl_w",
          "duration": "32s"
        }, {
          "placeId": "ChIJZ6QzlHud44kRvV-ybhuNLJs",
          "duration": "9s"
        }, {
          "placeId": "ChIJwePIeHud44kRXsta52Kqhxs",
          "duration": "19s"
        }, {
          "placeId": "ChIJd2C2unyd44kRJWAHud_ZDHs",
          "duration": "33s"
        }, {
          "placeId": "ChIJzbbVSWOd44kRqnVIeFNiHY4",
          "duration": "1s"
        }, {
          "placeId": "ChIJFb97SGOd44kR_nCcmYXUxpg",
          "duration": "2s"
        }, {
          "placeId": "ChIJC0_GR2Od44kR6TLhtR1ZDpg",
          "duration": "4s"
        }, {
          "placeId": "ChIJ8RT2PGOd44kRtKj3w-rgCdc",
          "duration": "12s"
        }, {
          "placeId": "ChIJ27MD42Kd44kRcJvybWhKhqQ",
          "duration": "5s"
        }, {
          "placeId": "ChIJR750TmKd44kRkfeVTnAvoOc",
          "duration": "19s"
        }, {
          "placeId": "ChIJMbbNL2Kd44kR_jNFPlfETN8",
          "duration": "0s"
        }, {
          "placeId": "ChIJb89sKGKd44kRtnsQtiSXHBQ",
          "duration": "6s"
        }, {
          "placeId": "ChIJM1iil2Gd44kRap8XF2qAvJU",
          "duration": "11s"
        }, {
          "placeId": "ChIJL-TzrWGd44kRcXndh19apJ8",
          "duration": "4s"
        }, {
          "placeId": "ChIJya-4UGCd44kRiXcRJmpW2_I",
          "duration": "6s"
        }, {
          "placeId": "ChIJzSpCYGCd44kRqpl3-Otf3I8",
          "duration": "4s"
        }, {
          "placeId": "ChIJ94BziGCd44kR06iTkE1NNiI",
          "duration": "2s"
        }, {
          "placeId": "ChIJ4QwWgWCd44kR8jDhi-uq_CQ",
          "duration": "3s"
        }, {
          "placeId": "ChIJaYUqUV6d44kRnKFLlhihE30",
          "duration": "5s"
        }, {
          "placeId": "ChIJ6Wojzl6d44kRLFYsJyOvoDY",
          "duration": "4s"
        }, {
          "placeId": "ChIJx4Q80l6d44kRDR86io6IoJg",
          "duration": "3s"
        }, {
          "placeId": "ChIJx4Q80l6d44kRpdBR7Z7RNhc",
          "duration": "1s"
        }, {
          "placeId": "ChIJwy330l6d44kRLPFj--2FU7k",
          "duration": "1s"
        }, {
          "placeId": "ChIJazbQKlmd44kRsP73be5FJfc",
          "duration": "4s"
        }, {
          "placeId": "ChIJazbQKlmd44kRFKWtvAm0S7I",
          "duration": "4s"
        }, {
          "placeId": "ChIJzzH6zVid44kRAU1NNpCvy-4",
          "duration": "10s"
        }, {
          "placeId": "ChIJ1XI_t1id44kRSOm65F0c7Cc",
          "duration": "4s"
        }, {
          "placeId": "ChIJ1XI_t1id44kRj2mXcHMexQ8",
          "duration": "5s"
        }, {
          "placeId": "ChIJu4jFCeJ344kRDpEZirvJuLU",
          "duration": "16s"
        }, {
          "placeId": "ChIJqXaEEuJ344kRoRekY5aSj00",
          "duration": "3s"
        }],
        "distanceMeters": 49745.797318151446,
        "travelMode": "DRIVE",
        "confidence": 0.9890709184532063
      },
      "simplifiedRawPath": {
        "points": [{
          "latE7": 426684570,
          "lngE7": -711184540,
          "accuracyMeters": 66,
          "timestamp": "2020-08-18T11:35:02.807Z"
        }]
      },
      "parkingEvent": {
        "location": {
          "latitudeE7": 423879518,
          "longitudeE7": -711906735,
          "accuracyMetres": 122
        },
        "method": "END_OF_ACTIVITY_SEGMENT",
        "locationSource": "FROM_RAW_LOCATION",
        "timestamp": "2020-08-18T12:12:36.031Z"
      }
    }
  }, {
    "placeVisit": {
      "location": {
        "latitudeE7": 423882653,
        "longitudeE7": -711911076,
        "placeId": "ChIJEX_BCeJ344kRh3-ehRDw1Ak",
        "address": "535 Trapelo Rd, Belmont, MA 02478, USA",
        "name": "Star Market",
        "sourceInfo": {
          "deviceTag": 939353221
        },
        "locationConfidence": 89.279144,
        "calibratedProbability": 78.45221
      },
      "duration": {
        "startTimestamp": "2020-08-18T12:10:27.633Z",
        "endTimestamp": "2020-08-18T12:20:02.047Z"
      },
      "placeConfidence": "MEDIUM_CONFIDENCE",
      "centerLatE7": 423883500,
      "centerLngE7": -711908800,
      "visitConfidence": 95,
      "otherCandidateLocations": [{
        "latitudeE7": 423932029,
        "longitudeE7": -711909083,
        "placeId": "ChIJC3IXKl6d44kRz2mmYnalnx4",
        "address": "115 Mill St, Belmont, MA 02478, USA",
        "name": "McLean Hospital",
        "locationConfidence": 10.158402,
        "calibratedProbability": 8.926487
      }, {
        "latitudeE7": 423874694,
        "longitudeE7": -711908161,
        "placeId": "ChIJWT3SSeJ344kRafsPUIt0ShU",
        "address": "495 Trapelo Rd, Belmont, MA 02478, USA",
        "name": "Waverley Station",
        "locationConfidence": 0.3078007,
        "calibratedProbability": 0.27047354
      }, {
        "latitudeE7": 423881915,
        "longitudeE7": -711901535,
        "placeId": "ChIJt8F1ZuF344kRzzlK__AYUhE",
        "address": "521 Trapelo Rd, Belmont, MA 02478, USA",
        "name": "Belmont Car Wash \u0026 Detailing",
        "locationConfidence": 0.09899122,
        "calibratedProbability": 0.086986504
      }, {
        "latitudeE7": 423875656,
        "longitudeE7": -711890620,
        "placeId": "ChIJzT-As-N344kR6dvd2BE-63Q",
        "address": "483 Trapelo Rd, Belmont, MA 02478, USA",
        "name": "Bank of America (with Drive-thru ATM)",
        "locationConfidence": 0.07463052,
        "calibratedProbability": 0.06558003
      }],
      "editConfirmationStatus": "NOT_CONFIRMED",
      "locationConfidence": 74,
      "placeVisitType": "SINGLE_PLACE",
      "placeVisitImportance": "MAIN"
    }
  }, {
    "activitySegment": {
      "startLocation": {
        "latitudeE7": 423881128,
        "longitudeE7": -711906152,
        "sourceInfo": {
          "deviceTag": 939353221
        }
      },
      "endLocation": {
        "latitudeE7": 423946119,
        "longitudeE7": -711902375,
        "sourceInfo": {
          "deviceTag": 939353221
        }
      },
      "duration": {
        "startTimestamp": "2020-08-18T12:20:02.047Z",
        "endTimestamp": "2020-08-18T12:26:13.980Z"
      },
      "distance": 1026,
      "activityType": "IN_PASSENGER_VEHICLE",
      "confidence": "HIGH",
      "activities": [{
        "activityType": "IN_PASSENGER_VEHICLE",
        "probability": 90.51101803779602
      }, {
        "activityType": "WALKING",
        "probability": 4.9948737025260925
      }, {
        "activityType": "MOTORCYCLING",
        "probability": 2.53341943025589
      }, {
        "activityType": "STILL",
        "probability": 0.8492630906403065
      }, {
        "activityType": "CYCLING",
        "probability": 0.6326271221041679
      }, {
        "activityType": "IN_BUS",
        "probability": 0.4442799836397171
      }, {
        "activityType": "RUNNING",
        "probability": 0.01760505692800507
      }, {
        "activityType": "IN_TRAIN",
        "probability": 0.005914329085499048
      }, {
        "activityType": "IN_FERRY",
        "probability": 0.0033386662835255265
      }, {
        "activityType": "FLYING",
        "probability": 0.002682434569578618
      }, {
        "activityType": "IN_SUBWAY",
        "probability": 0.0018349081074120477
      }, {
        "activityType": "SKIING",
        "probability": 0.0016459307516925037
      }, {
        "activityType": "IN_TRAM",
        "probability": 0.0012182545106043108
      }, {
        "activityType": "SAILING",
        "probability": 2.3098605197446886E-4
      }, {
        "activityType": "IN_VEHICLE",
        "probability": 5.188184672988427E-5
      }],
      "waypointPath": {
        "waypoints": [{
          "latE7": 423881530,
          "lngE7": -711906127
        }, {
          "latE7": 423928756,
          "lngE7": -711961059
        }, {
          "latE7": 423945770,
          "lngE7": -711903457
        }],
        "source": "INFERRED",
        "roadSegment": [{
          "placeId": "ChIJ51mZPuJ344kRt9ymElabFcE",
          "duration": "17s"
        }, {
          "placeId": "ChIJfchvFeJ344kR5V3MaBb32s0",
          "duration": "27s"
        }, {
          "placeId": "ChIJNZdWa-J344kRNCyFWBWYqQ0",
          "duration": "14s"
        }, {
          "placeId": "ChIJHwrfEuJ344kR6k_yboeS0iE",
          "duration": "2s"
        }, {
          "placeId": "ChIJN3aGEuJ344kRukoaOEhZhDI",
          "duration": "8s"
        }, {
          "placeId": "ChIJu4jFCeJ344kRzA5nEYifkGU",
          "duration": "31s"
        }, {
          "placeId": "ChIJpaYRplid44kR3EzxEAibMMQ",
          "duration": "12s"
        }, {
          "placeId": "ChIJr8_Qtlid44kRGdPuf-EicpQ",
          "duration": "12s"
        }, {
          "placeId": "ChIJr8_Qtlid44kR-m4YBWncCb8",
          "duration": "6s"
        }, {
          "placeId": "ChIJPRr4y1id44kR4jM_8L4Y7iw",
          "duration": "8s"
        }, {
          "placeId": "ChIJ7cMA01id44kRSHiGJ8iLAHA",
          "duration": "10s"
        }, {
          "placeId": "ChIJd09T1V6d44kRYhP6voUJtxg",
          "duration": "6s"
        }, {
          "placeId": "ChIJx4Q80l6d44kRlTjyuzqV7YU",
          "duration": "10s"
        }, {
          "placeId": "ChIJ6Wojzl6d44kRLVYsJyOvoDY",
          "duration": "4s"
        }, {
          "placeId": "ChIJaYUqUV6d44kRnaFLlhihE30",
          "duration": "6s"
        }, {
          "placeId": "ChIJSbUaf2Cd44kR0icYrcLXucA",
          "duration": "21s"
        }, {
          "placeId": "ChIJlSU3d2Cd44kR_pn9r4CGXBI",
          "duration": "2s"
        }, {
          "placeId": "ChIJr_ZRcmCd44kR6CtaCiY6xuQ",
          "duration": "14s"
        }, {
          "placeId": "ChIJARWwIWCd44kRuBtHdqeffmY",
          "duration": "12s"
        }, {
          "placeId": "ChIJQUWti99344kREuE_GNwmUyM",
          "duration": "6s"
        }, {
          "placeId": "ChIJKeB4jN9344kR8KPi6oMpq6E",
          "duration": "2s"
        }, {
          "placeId": "ChIJhzBVjN9344kRZ5ppr_jmu6Q",
          "duration": "6s"
        }, {
          "placeId": "ChIJPahhjd9344kRnFWiHL1eEMY",
          "duration": "4s"
        }, {
          "placeId": "ChIJg_jU7N9344kR8XcfDNvSgwY",
          "duration": "6s"
        }, {
          "placeId": "ChIJv7Fy699344kRP8la28mJjzw",
          "duration": "4s"
        }, {
          "placeId": "ChIJdwN0w99344kRecI4H6LzjQs",
          "duration": "19s"
        }],
        "distanceMeters": 1533.7745620301519,
        "travelMode": "DRIVE",
        "confidence": 1.0
      },
      "parkingEvent": {
        "location": {
          "latitudeE7": 423944604,
          "longitudeE7": -711901538,
          "accuracyMetres": 118
        },
        "method": "END_OF_ACTIVITY_SEGMENT",
        "locationSource": "FROM_RAW_LOCATION",
        "timestamp": "2020-08-18T12:28:36.033Z"
      }
    }
  }, {
    "placeVisit": {
      "location": {
        "latitudeE7": 423932029,
        "longitudeE7": -711909083,
        "placeId": "ChIJC3IXKl6d44kRz2mmYnalnx4",
        "address": "115 Mill St, Belmont, MA 02478, USA",
        "name": "McLean Hospital",
        "sourceInfo": {
          "deviceTag": 939353221
        },
        "locationConfidence": 99.43129,
        "calibratedProbability": 84.65212,
        "isCurrentLocation": true
      },
      "duration": {
        "startTimestamp": "2020-08-18T12:26:13.980Z",
        "endTimestamp": "2020-08-29T04:08:58.213Z"
      },
      "placeConfidence": "LOW_CONFIDENCE",
      "childVisits": [{
        "location": {
          "latitudeE7": 423936380,
          "longitudeE7": -711883800,
          "placeId": "ChIJQa3fJt5344kRF1zB5dmOAAo",
          "name": "McLean Wyman Building",
          "sourceInfo": {
            "deviceTag": 939353221
          },
          "locationConfidence": 93.67804,
          "calibratedProbability": 80.68778,
          "isCurrentLocation": true
        },
        "duration": {
          "startTimestamp": "2020-08-18T12:42:05.477Z",
          "endTimestamp": "2020-08-18T18:23:13.035Z"
        },
        "placeConfidence": "MEDIUM_CONFIDENCE",
        "centerLatE7": 423935666,
        "centerLngE7": -711883177,
        "visitConfidence": 90,
        "otherCandidateLocations": [{
          "latitudeE7": 423944502,
          "longitudeE7": -711887633,
          "placeId": "ChIJV-01N95344kRXkcOBgak3OY",
          "address": "Olmsted Dr, Belmont, MA 02478, USA",
          "name": "Oaks Parking Lot",
          "locationConfidence": 2.5195496,
          "calibratedProbability": 2.1701658,
          "isCurrentLocation": true
        }, {
          "latitudeE7": 423931364,
          "longitudeE7": -711894144,
          "placeId": "ChIJB-JffeB344kRpVz9oEMpqzk",
          "address": "18 Claremont Ave, Arlington, MA 02476, USA",
          "name": "McLean Hospital: 3East",
          "locationConfidence": 1.2017657,
          "calibratedProbability": 1.0351177
        }, {
          "latitudeE7": 423992185,
          "longitudeE7": -711922109,
          "placeId": "ChIJxyI6jd5344kRFKxOlHyaBUU",
          "address": "800 Concord Ave, Belmont, MA 02478, USA",
          "name": "Lone Tree Hill",
          "locationConfidence": 0.8351061,
          "calibratedProbability": 0.7193026
        }, {
          "latitudeE7": 423931371,
          "longitudeE7": -711893648,
          "placeId": "ChIJC3IXKl6d44kRB5QVrbP_WnA",
          "address": "11 Hillside Ave, Arlington, MA 02476, USA",
          "name": "McLean Hospital: Pathways Academy",
          "locationConfidence": 0.60821867,
          "calibratedProbability": 0.5238775
        }],
        "editConfirmationStatus": "NOT_CONFIRMED",
        "locationConfidence": 79,
        "placeVisitType": "SINGLE_PLACE",
        "placeVisitLevel": 1
      }],
      "centerLatE7": 423935640,
      "centerLngE7": -711883157,
      "visitConfidence": 90,
      "otherCandidateLocations": [{
        "latitudeE7": 423992185,
        "longitudeE7": -711922109,
        "placeId": "ChIJxyI6jd5344kRFKxOlHyaBUU",
        "address": "800 Concord Ave, Belmont, MA 02478, USA",
        "name": "Lone Tree Hill",
        "locationConfidence": 0.26746684,
        "calibratedProbability": 0.2277114
      }, {
        "latitudeE7": 423940373,
        "longitudeE7": -711942373,
        "placeId": "ChIJLd0h3F-d44kR95dR74KjegI",
        "address": "5 S Cottage Rd, Belmont, MA 02478, USA",
        "locationConfidence": 0.15245748,
        "calibratedProbability": 0.12979667,
        "isCurrentLocation": true
      }, {
        "latitudeE7": 423936173,
        "longitudeE7": -711943037,
        "placeId": "ChIJd-gbxF-d44kRyRQ0Bet8DHw",
        "address": "14 S Cottage Rd, Belmont, MA 02478, USA",
        "locationConfidence": 0.07436826,
        "calibratedProbability": 0.06331439,
        "isCurrentLocation": true
      }, {
        "latitudeE7": 423924049,
        "longitudeE7": -711941125,
        "placeId": "ChIJT4aIbF-d44kRa_DWDuMs2hA",
        "address": "9 Meadows Ln, Belmont, MA 02478, USA",
        "locationConfidence": 0.07435202,
        "calibratedProbability": 0.063300565,
        "isCurrentLocation": true
      }],
      "editConfirmationStatus": "NOT_CONFIRMED",
      "simplifiedRawPath": {
        "points": [{
          "latE7": 423936030,
          "lngE7": -711883942,
          "accuracyMeters": 15,
          "timestamp": "2020-08-28T16:17:22.525Z"
        }, {
          "latE7": 423936335,
          "lngE7": -711887316,
          "accuracyMeters": 12,
          "timestamp": "2020-08-28T16:22:54Z"
        }, {
          "latE7": 423936213,
          "lngE7": -711883954,
          "accuracyMeters": 77,
          "timestamp": "2020-08-28T16:23:32.394Z"
        }, {
          "latE7": 423936761,
          "lngE7": -711884541,
          "accuracyMeters": 20,
          "timestamp": "2020-08-28T16:30:56.113Z"
        }, {
          "latE7": 423935397,
          "lngE7": -711883948,
          "accuracyMeters": 14,
          "timestamp": "2020-08-28T16:32:23.565Z"
        }, {
          "latE7": 423935680,
          "lngE7": -711883509,
          "accuracyMeters": 14,
          "timestamp": "2020-08-28T16:34:26.447Z"
        }, {
          "latE7": 423935854,
          "lngE7": -711883561,
          "accuracyMeters": 15,
          "timestamp": "2020-08-28T17:08:45.485Z"
        }, {
          "latE7": 423937060,
          "lngE7": -711884393,
          "accuracyMeters": 13,
          "timestamp": "2020-08-28T17:47:30.191Z"
        }, {
          "latE7": 423936152,
          "lngE7": -711884096,
          "accuracyMeters": 14,
          "timestamp": "2020-08-28T18:05:56.048Z"
        }, {
          "latE7": 423937125,
          "lngE7": -711884339,
          "accuracyMeters": 13,
          "timestamp": "2020-08-28T19:18:19.193Z"
        }, {
          "latE7": 423935902,
          "lngE7": -711884074,
          "accuracyMeters": 15,
          "timestamp": "2020-08-28T19:23:26.947Z"
        }, {
          "latE7": 423936431,
          "lngE7": -711884069,
          "accuracyMeters": 13,
          "timestamp": "2020-08-28T19:28:37.037Z"
        }, {
          "latE7": 423936180,
          "lngE7": -711884063,
          "accuracyMeters": 15,
          "timestamp": "2020-08-28T19:31:01.023Z"
        }, {
          "latE7": 423936714,
          "lngE7": -711884533,
          "accuracyMeters": 20,
          "timestamp": "2020-08-28T19:43:42.457Z"
        }, {
          "latE7": 423935891,
          "lngE7": -711883636,
          "accuracyMeters": 14,
          "timestamp": "2020-08-28T19:45:32.719Z"
        }, {
          "latE7": 423936763,
          "lngE7": -711884358,
          "accuracyMeters": 13,
          "timestamp": "2020-08-28T19:50:07.354Z"
        }, {
          "latE7": 423935393,
          "lngE7": -711883276,
          "accuracyMeters": 15,
          "timestamp": "2020-08-28T19:50:27.741Z"
        }, {
          "latE7": 423938252,
          "lngE7": -711888502,
          "accuracyMeters": 16,
          "timestamp": "2020-08-28T20:48:25Z"
        }, {
          "latE7": 423935401,
          "lngE7": -711883311,
          "accuracyMeters": 16,
          "timestamp": "2020-08-28T20:59:40.415Z"
        }, {
          "latE7": 423936013,
          "lngE7": -711883614,
          "accuracyMeters": 15,
          "timestamp": "2020-08-28T21:02:46.289Z"
        }, {
          "latE7": 423935429,
          "lngE7": -711883154,
          "accuracyMeters": 15,
          "timestamp": "2020-08-28T21:08:51.722Z"
        }, {
          "latE7": 423935944,
          "lngE7": -711883542,
          "accuracyMeters": 13,
          "timestamp": "2020-08-28T21:27:48.133Z"
        }, {
          "latE7": 423936453,
          "lngE7": -711884189,
          "accuracyMeters": 16,
          "timestamp": "2020-08-28T21:38:26.809Z"
        }, {
          "latE7": 423936146,
          "lngE7": -711883813,
          "accuracyMeters": 15,
          "timestamp": "2020-08-28T21:42:00.617Z"
        }, {
          "latE7": 423936659,
          "lngE7": -711884227,
          "accuracyMeters": 13,
          "timestamp": "2020-08-28T22:03:28.500Z"
        }, {
          "latE7": 423935799,
          "lngE7": -711883529,
          "accuracyMeters": 15,
          "timestamp": "2020-08-28T22:17:54.400Z"
        }, {
          "latE7": 423935815,
          "lngE7": -711883491,
          "accuracyMeters": 14,
          "timestamp": "2020-08-28T22:19:38.333Z"
        }, {
          "latE7": 423935936,
          "lngE7": -711883667,
          "accuracyMeters": 14,
          "timestamp": "2020-08-28T22:21:38.763Z"
        }, {
          "latE7": 423936594,
          "lngE7": -711884309,
          "accuracyMeters": 20,
          "timestamp": "2020-08-28T22:55:14.678Z"
        }, {
          "latE7": 423936171,
          "lngE7": -711883711,
          "accuracyMeters": 15,
          "timestamp": "2020-08-28T22:57:33.479Z"
        }, {
          "latE7": 423935538,
          "lngE7": -711883327,
          "accuracyMeters": 14,
          "timestamp": "2020-08-28T23:00:25.026Z"
        }, {
          "latE7": 423936651,
          "lngE7": -711884281,
          "accuracyMeters": 12,
          "timestamp": "2020-08-28T23:24:56.045Z"
        }, {
          "latE7": 423936406,
          "lngE7": -711884153,
          "accuracyMeters": 13,
          "timestamp": "2020-08-28T23:44:24.981Z"
        }, {
          "latE7": 423935572,
          "lngE7": -711883139,
          "accuracyMeters": 15,
          "timestamp": "2020-08-28T23:49:01.094Z"
        }, {
          "latE7": 423935908,
          "lngE7": -711884082,
          "accuracyMeters": 14,
          "timestamp": "2020-08-29T00:07:46.028Z"
        }, {
          "latE7": 423935467,
          "lngE7": -711883040,
          "accuracyMeters": 15,
          "timestamp": "2020-08-29T00:12:45.025Z"
        }, {
          "latE7": 423935886,
          "lngE7": -711883635,
          "accuracyMeters": 14,
          "timestamp": "2020-08-29T00:27:18.536Z"
        }],
        "source": "INFERRED",
        "distanceMeters": 647.2780537665645
      },
      "locationConfidence": 87,
      "placeVisitType": "SINGLE_PLACE",
      "placeVisitImportance": "MAIN"
    }
  }, {
    "activitySegment": {
      "startLocation": {
        "latitudeE7": 423935920,
        "longitudeE7": -711883696,
        "sourceInfo": {
          "deviceTag": 939353221
        }
      },
      "endLocation": {
        "latitudeE7": 423625123,
        "longitudeE7": -712305052,
        "sourceInfo": {
          "deviceTag": 939353221
        }
      },
      "duration": {
        "startTimestamp": "2020-08-29T04:08:58.213Z",
        "endTimestamp": "2020-08-29T12:18:03.250Z"
      },
      "distance": 4891,
      "activityType": "IN_PASSENGER_VEHICLE",
      "confidence": "MEDIUM",
      "activities": [{
        "activityType": "IN_PASSENGER_VEHICLE",
        "probability": 64.5193338394165
      }, {
        "activityType": "WALKING",
        "probability": 15.782485902309418
      }, {
        "activityType": "STILL",
        "probability": 11.010611802339554
      }, {
        "activityType": "CYCLING",
        "probability": 3.5949546843767166
      }, {
        "activityType": "MOTORCYCLING",
        "probability": 2.9323291033506393
      }, {
        "activityType": "IN_FERRY",
        "probability": 0.6375530734658241
      }, {
        "activityType": "RUNNING",
        "probability": 0.5386608187109232
      }, {
        "activityType": "IN_BUS",
        "probability": 0.48224637284874916
      }, {
        "activityType": "SAILING",
        "probability": 0.13862341875210404
      }, {
        "activityType": "FLYING",
        "probability": 0.111291219945997
      }, {
        "activityType": "IN_TRAIN",
        "probability": 0.08365565445274115
      }, {
        "activityType": "SKIING",
        "probability": 0.08026130381040275
      }, {
        "activityType": "IN_TRAM",
        "probability": 0.04587209259625524
      }, {
        "activityType": "IN_SUBWAY",
        "probability": 0.0414954120060429
      }, {
        "activityType": "IN_VEHICLE",
        "probability": 6.29303485766286E-4
      }],
      "waypointPath": {
        "waypoints": [{
          "latE7": 423937873,
          "lngE7": -711880798
        }, {
          "latE7": 423937835,
          "lngE7": -711880722
        }, {
          "latE7": 423937797,
          "lngE7": -711880645
        }],
        "source": "INFERRED",
        "roadSegment": [{
          "placeId": "ChIJ4VSVI95344kROr7R7E4tBtY",
          "duration": "0s"
        }],
        "distanceMeters": 1.5122783906593835,
        "travelMode": "DRIVE",
        "confidence": 0.0
      },
      "parkingEvent": {
        "location": {
          "latitudeE7": 423625123,
          "longitudeE7": -712305052,
          "accuracyMetres": 160,
          "sourceInfo": {
            "deviceTag": 939353221
          }
        },
        "method": "END_OF_ACTIVITY_SEGMENT",
        "locationSource": "NOT_FROM_RAW_LOCATION",
        "timestamp": "2020-08-29T12:18:03.250Z"
      }
    }
  }, {
    "placeVisit": {
      "location": {
        "latitudeE7": 423932029,
        "longitudeE7": -711909083,
        "placeId": "ChIJC3IXKl6d44kRz2mmYnalnx4",
        "address": "115 Mill St, Belmont, MA 02478, USA",
        "name": "McLean Hospital",
        "sourceInfo": {
          "deviceTag": -709098879
        },
        "locationConfidence": 98.9936,
        "calibratedProbability": 78.521515,
        "isCurrentLocation": true
      },
      "duration": {
        "startTimestamp": "2020-08-29T12:18:03.250Z",
        "endTimestamp": "2020-08-31T16:34:02.329Z"
      },
      "placeConfidence": "LOW_CONFIDENCE",
      "childVisits": [{
        "location": {
          "latitudeE7": 423936380,
          "longitudeE7": -711883800,
          "placeId": "ChIJQa3fJt5344kRF1zB5dmOAAo",
          "name": "McLean Wyman Building",
          "sourceInfo": {
            "deviceTag": -709098879
          },
          "locationConfidence": 90.93753,
          "calibratedProbability": 73.1886,
          "isCurrentLocation": true
        },
        "duration": {
          "startTimestamp": "2020-08-29T12:21:23.068Z",
          "endTimestamp": "2020-08-29T15:34:19.748Z"
        },
        "placeConfidence": "MEDIUM_CONFIDENCE",
        "centerLatE7": 423936021,
        "centerLngE7": -711883524,
        "visitConfidence": 85,
        "otherCandidateLocations": [{
          "latitudeE7": 423944502,
          "longitudeE7": -711887633,
          "placeId": "ChIJV-01N95344kRXkcOBgak3OY",
          "address": "Olmsted Dr, Belmont, MA 02478, USA",
          "name": "Oaks Parking Lot",
          "locationConfidence": 3.2497356,
          "calibratedProbability": 2.6154613,
          "isCurrentLocation": true
        }, {
          "latitudeE7": 423931364,
          "longitudeE7": -711894144,
          "placeId": "ChIJB-JffeB344kRpVz9oEMpqzk",
          "address": "18 Claremont Ave, Arlington, MA 02476, USA",
          "name": "McLean Hospital: 3East",
          "locationConfidence": 2.05066,
          "calibratedProbability": 1.6504178
        }, {
          "latitudeE7": 423992185,
          "longitudeE7": -711922109,
          "placeId": "ChIJxyI6jd5344kRFKxOlHyaBUU",
          "address": "800 Concord Ave, Belmont, MA 02478, USA",
          "name": "Lone Tree Hill",
          "locationConfidence": 1.1971595,
          "calibratedProbability": 0.9635013
        }, {
          "latitudeE7": 423931371,
          "longitudeE7": -711893648,
          "placeId": "ChIJC3IXKl6d44kRB5QVrbP_WnA",
          "address": "11 Hillside Ave, Arlington, MA 02476, USA",
          "name": "McLean Hospital: Pathways Academy",
          "locationConfidence": 0.576571,
          "calibratedProbability": 0.46403748
        }, {
          "latitudeE7": 423941253,
          "longitudeE7": -711906143,
          "placeId": "ChIJFZqi3t9344kR1QwjimhmyCE",
          "address": "115 Mill St, Belmont, MA 02478, USA",
          "name": "McLean Hospital: de Marneffe Building",
          "locationConfidence": 0.54385084,
          "calibratedProbability": 0.43770355
        }],
        "editConfirmationStatus": "NOT_CONFIRMED",
        "locationConfidence": 76,
        "placeVisitType": "SINGLE_PLACE",
        "placeVisitLevel": 1
      }],
      "centerLatE7": 423936021,
      "centerLngE7": -711883524,
      "visitConfidence": 85,
      "otherCandidateLocations": [{
        "latitudeE7": 423992185,
        "longitudeE7": -711922109,
        "placeId": "ChIJxyI6jd5344kRFKxOlHyaBUU",
        "address": "800 Concord Ave, Belmont, MA 02478, USA",
        "name": "Lone Tree Hill",
        "locationConfidence": 0.5957302,
        "calibratedProbability": 0.47253197
      }, {
        "latitudeE7": 423940373,
        "longitudeE7": -711942373,
        "placeId": "ChIJLd0h3F-d44kR95dR74KjegI",
        "address": "5 S Cottage Rd, Belmont, MA 02478, USA",
        "locationConfidence": 0.21890059,
        "calibratedProbability": 0.1736315,
        "isCurrentLocation": true
      }, {
        "latitudeE7": 423936173,
        "longitudeE7": -711943037,
        "placeId": "ChIJd-gbxF-d44kRyRQ0Bet8DHw",
        "address": "14 S Cottage Rd, Belmont, MA 02478, USA",
        "locationConfidence": 0.10520604,
        "calibratedProbability": 0.083449215,
        "isCurrentLocation": true
      }, {
        "latitudeE7": 423931529,
        "longitudeE7": -711943417,
        "placeId": "ChIJxTIeuV-d44kR0t8W1E3NXP8",
        "address": "30 S Cottage Rd, Belmont, MA 02478, USA",
        "locationConfidence": 0.086467244,
        "calibratedProbability": 0.06858564,
        "isCurrentLocation": true
      }],
      "editConfirmationStatus": "NOT_CONFIRMED",
      "simplifiedRawPath": {
        "points": [{
          "latE7": 423935863,
          "lngE7": -711883811,
          "accuracyMeters": 15,
          "timestamp": "2020-08-31T11:24:36.269Z"
        }, {
          "latE7": 423936561,
          "lngE7": -711884261,
          "accuracyMeters": 14,
          "timestamp": "2020-08-31T11:26:47.152Z"
        }, {
          "latE7": 423936498,
          "lngE7": -711888601,
          "accuracyMeters": 10,
          "timestamp": "2020-08-31T12:50:32Z"
        }, {
          "latE7": 423936018,
          "lngE7": -711884040,
          "accuracyMeters": 15,
          "timestamp": "2020-08-31T12:59:22.401Z"
        }, {
          "latE7": 423935981,
          "lngE7": -711883582,
          "accuracyMeters": 14,
          "timestamp": "2020-08-31T13:01:23.338Z"
        }, {
          "latE7": 423937073,
          "lngE7": -711884315,
          "accuracyMeters": 13,
          "timestamp": "2020-08-31T13:03:24.436Z"
        }, {
          "latE7": 423935438,
          "lngE7": -711883286,
          "accuracyMeters": 13,
          "timestamp": "2020-08-31T13:33:02.046Z"
        }, {
          "latE7": 423936920,
          "lngE7": -711884362,
          "accuracyMeters": 13,
          "timestamp": "2020-08-31T14:19:14.451Z"
        }, {
          "latE7": 423935927,
          "lngE7": -711884065,
          "accuracyMeters": 14,
          "timestamp": "2020-08-31T14:23:27.367Z"
        }, {
          "latE7": 423936401,
          "lngE7": -711884052,
          "accuracyMeters": 14,
          "timestamp": "2020-08-31T14:25:29.298Z"
        }, {
          "latE7": 423935973,
          "lngE7": -711883632,
          "accuracyMeters": 14,
          "timestamp": "2020-08-31T16:01:13.294Z"
        }, {
          "latE7": 423937048,
          "lngE7": -711883227,
          "accuracyMeters": 25,
          "timestamp": "2020-08-31T16:25:44.355Z"
        }],
        "source": "INFERRED",
        "distanceMeters": 201.32958348560967
      },
      "locationConfidence": 87,
      "placeVisitType": "SINGLE_PLACE",
      "placeVisitImportance": "MAIN"
    }
  }, {
    "activitySegment": {
      "startLocation": {
        "latitudeE7": 423945014,
        "longitudeE7": -711821330,
        "sourceInfo": {
          "deviceTag": -709098879
        }
      },
      "endLocation": {
        "latitudeE7": 423936011,
        "longitudeE7": -711883405,
        "sourceInfo": {
          "deviceTag": -709098879
        }
      },
      "duration": {
        "startTimestamp": "2020-08-31T16:34:02.329Z",
        "endTimestamp": "2020-08-31T17:02:42.446Z"
      },
      "distance": 519,
      "activityType": "WALKING",
      "confidence": "MEDIUM",
      "activities": [{
        "activityType": "WALKING",
        "probability": 70.42071223258972
      }, {
        "activityType": "STILL",
        "probability": 21.546512842178345
      }, {
        "activityType": "IN_PASSENGER_VEHICLE",
        "probability": 6.770294159650803
      }, {
        "activityType": "RUNNING",
        "probability": 0.5401653703302145
      }, {
        "activityType": "CYCLING",
        "probability": 0.311322882771492
      }, {
        "activityType": "MOTORCYCLING",
        "probability": 0.18629551632329822
      }, {
        "activityType": "IN_BUS",
        "probability": 0.16207178123295307
      }, {
        "activityType": "FLYING",
        "probability": 0.028745378949679434
      }, {
        "activityType": "IN_FERRY",
        "probability": 0.01916032051667571
      }, {
        "activityType": "SKIING",
        "probability": 0.006444914470193908
      }, {
        "activityType": "IN_TRAIN",
        "probability": 0.003652336818049662
      }, {
        "activityType": "SAILING",
        "probability": 0.0023509572201874107
      }, {
        "activityType": "IN_SUBWAY",
        "probability": 0.0015522307876381092
      }, {
        "activityType": "IN_TRAM",
        "probability": 5.029876319895266E-4
      }, {
        "activityType": "IN_VEHICLE",
        "probability": 2.1685464162146673E-4
      }],
      "simplifiedRawPath": {
        "points": [{
          "latE7": 423971188,
          "lngE7": -711911925,
          "accuracyMeters": 142,
          "timestamp": "2020-08-31T16:46:31.934Z"
        }],
        "source": "INFERRED",
        "distanceMeters": 1284.2039112620084
      }
    }
  }, {
    "placeVisit": {
      "location": {
        "latitudeE7": 423932029,
        "longitudeE7": -711909083,
        "placeId": "ChIJC3IXKl6d44kRz2mmYnalnx4",
        "address": "115 Mill St, Belmont, MA 02478, USA",
        "name": "McLean Hospital",
        "sourceInfo": {
          "deviceTag": -709098879
        },
        "locationConfidence": 99.57721,
        "calibratedProbability": 75.89515,
        "isCurrentLocation": true
      },
      "duration": {
        "startTimestamp": "2020-08-31T17:02:42.446Z",
        "endTimestamp": "2020-09-01T15:14:02.397Z"
      },
      "placeConfidence": "LOW_CONFIDENCE",
      "centerLatE7": 423936126,
      "centerLngE7": -711883726,
      "visitConfidence": 79,
      "otherCandidateLocations": [{
        "latitudeE7": 423992185,
        "longitudeE7": -711922109,
        "placeId": "ChIJxyI6jd5344kRFKxOlHyaBUU",
        "address": "800 Concord Ave, Belmont, MA 02478, USA",
        "name": "Lone Tree Hill",
        "locationConfidence": 0.22345127,
        "calibratedProbability": 0.17030872
      }, {
        "latitudeE7": 423940373,
        "longitudeE7": -711942373,
        "placeId": "ChIJLd0h3F-d44kR95dR74KjegI",
        "address": "5 S Cottage Rd, Belmont, MA 02478, USA",
        "locationConfidence": 0.10701247,
        "calibratedProbability": 0.08156212,
        "isCurrentLocation": true
      }, {
        "latitudeE7": 423936173,
        "longitudeE7": -711943037,
        "placeId": "ChIJd-gbxF-d44kRyRQ0Bet8DHw",
        "address": "14 S Cottage Rd, Belmont, MA 02478, USA",
        "locationConfidence": 0.050771184,
        "calibratedProbability": 0.03869647,
        "isCurrentLocation": true
      }, {
        "latitudeE7": 423931529,
        "longitudeE7": -711943417,
        "placeId": "ChIJxTIeuV-d44kR0t8W1E3NXP8",
        "address": "30 S Cottage Rd, Belmont, MA 02478, USA",
        "locationConfidence": 0.041502897,
        "calibratedProbability": 0.031632423,
        "isCurrentLocation": true
      }],
      "editConfirmationStatus": "NOT_CONFIRMED",
      "simplifiedRawPath": {
        "points": [{
          "latE7": 423935812,
          "lngE7": -711883915,
          "accuracyMeters": 14,
          "timestamp": "2020-09-01T08:56:44.713Z"
        }, {
          "latE7": 423936078,
          "lngE7": -711883808,
          "accuracyMeters": 15,
          "timestamp": "2020-09-01T12:01:18.223Z"
        }, {
          "latE7": 423937202,
          "lngE7": -711888075,
          "accuracyMeters": 3,
          "timestamp": "2020-09-01T12:35:22Z"
        }, {
          "latE7": 423935784,
          "lngE7": -711883841,
          "accuracyMeters": 15,
          "timestamp": "2020-09-01T12:48:19.882Z"
        }, {
          "latE7": 423936475,
          "lngE7": -711884114,
          "accuracyMeters": 13,
          "timestamp": "2020-09-01T12:56:29.824Z"
        }, {
          "latE7": 423936060,
          "lngE7": -711883619,
          "accuracyMeters": 14,
          "timestamp": "2020-09-01T13:22:02.124Z"
        }, {
          "latE7": 423936108,
          "lngE7": -711883668,
          "accuracyMeters": 13,
          "timestamp": "2020-09-01T13:24:03.128Z"
        }, {
          "latE7": 423935935,
          "lngE7": -711883676,
          "accuracyMeters": 15,
          "timestamp": "2020-09-01T13:53:29.187Z"
        }, {
          "latE7": 423936887,
          "lngE7": -711884685,
          "accuracyMeters": 98,
          "timestamp": "2020-09-01T15:01:26.969Z"
        }, {
          "latE7": 423935552,
          "lngE7": -711883336,
          "accuracyMeters": 15,
          "timestamp": "2020-09-01T15:03:27.003Z"
        }, {
          "latE7": 423936887,
          "lngE7": -711884487,
          "accuracyMeters": 14,
          "timestamp": "2020-09-01T15:07:38.022Z"
        }, {
          "latE7": 423936733,
          "lngE7": -711882872,
          "accuracyMeters": 98,
          "timestamp": "2020-09-01T15:11:46.535Z"
        }],
        "source": "INFERRED",
        "distanceMeters": 186.43538964826854
      },
      "locationConfidence": 87,
      "placeVisitType": "SINGLE_PLACE",
      "placeVisitImportance": "MAIN"
    }
  }]
}